dataset,species,source_filepath,cache_path,n_points,plant_id,scan_date,is_annotated,n_raw,n_after_outlier_removal,n_outliers_removed,n_predecimated,n_final
Crops3D,Tomato,../data/crops3d/Tomato/10-5_1-1.ply,../data/preprocessed/Crops3D/Tomato/10-5_1-1.npz,4096,,,,635311,609265,26046,11894,4096
Crops3D,Tomato,../data/crops3d/Tomato/10-5_1-55.ply,../data/preprocessed/Crops3D/Tomato/10-5_1-55.npz,4096,,,,2049738,1966408,83330,25054,4096
Crops3D,Tomato,../data/crops3d/Tomato/10-5_10-3.ply,../data/preprocessed/Crops3D/Tomato/10-5_10-3.npz,4096,,,,1385806,1331014,54792,24987,4096
Crops3D,Tomato,../data/crops3d/Tomato/10-5_30-4.ply,../data/preprocessed/Crops3D/Tomato/10-5_30-4.npz,4096,,,,1515996,1451624,64372,17160,4096
Crops3D,Tomato,../data/crops3d/Tomato/10-5_30-52.ply,../data/preprocessed/Crops3D/Tomato/10-5_30-52.npz,4096,,,,619627,594268,25359,13428,4096
Crops3D,Tomato,../data/crops3d/Tomato/11-2_1-1.ply,../data/preprocessed/Crops3D/Tomato/11-2_1-1.npz,4096,,,,4358344,4177574,180770,19843,4096
Crops3D,Tomato,../data/crops3d/Tomato/11-2_1-55.ply,../data/preprocessed/Crops3D/Tomato/11-2_1-55.npz,4096,,,,5519258,5292581,226677,23885,4096
Crops3D,Tomato,../data/crops3d/Tomato/11-2_10-3.ply,../data/preprocessed/Crops3D/Tomato/11-2_10-3.npz,4096,,,,2633426,2521963,111463,25350,4096
Crops3D,Tomato,../data/crops3d/Tomato/11-2_20-28.ply,../data/preprocessed/Crops3D/Tomato/11-2_20-28.npz,4096,,,,7570581,7249660,320921,36605,4096
Crops3D,Tomato,../data/crops3d/Tomato/11-2_30-4.ply,../data/preprocessed/Crops3D/Tomato/11-2_30-4.npz,4096,,,,2482909,2378093,104816,22926,4096
Crops3D,Tomato,../data/crops3d/Tomato/11-2_35-22.ply,../data/preprocessed/Crops3D/Tomato/11-2_35-22.npz,4096,,,,4619087,4433074,186013,34657,4096
Crops3D,Tomato,../data/crops3d/Tomato/8-10_10-3.ply,../data/preprocessed/Crops3D/Tomato/8-10_10-3.npz,4096,,,,717362,693768,23594,20215,4096
Crops3D,Tomato,../data/crops3d/Tomato/8-10_10-53.ply,../data/preprocessed/Crops3D/Tomato/8-10_10-53.npz,4096,,,,670125,644087,26038,22132,4096
Crops3D,Tomato,../data/crops3d/Tomato/8-10_2-1.ply,../data/preprocessed/Crops3D/Tomato/8-10_2-1.npz,4096,,,,172416,166847,5569,11890,4096
Crops3D,Tomato,../data/crops3d/Tomato/8-10_20-28.ply,../data/preprocessed/Crops3D/Tomato/8-10_20-28.npz,4096,,,,575606,557353,18253,14213,4096
Crops3D,Tomato,../data/crops3d/Tomato/8-10_30-4.ply,../data/preprocessed/Crops3D/Tomato/8-10_30-4.npz,4096,,,,411796,398492,13304,15297,4096
Crops3D,Tomato,../data/crops3d/Tomato/8-10_30-52.ply,../data/preprocessed/Crops3D/Tomato/8-10_30-52.npz,4096,,,,350580,337618,12962,16762,4096
Crops3D,Tomato,../data/crops3d/Tomato/8-13_1-1.ply,../data/preprocessed/Crops3D/Tomato/8-13_1-1.npz,4096,,,,138243,133767,4476,10978,4096
Crops3D,Tomato,../data/crops3d/Tomato/8-13_1-55.ply,../data/preprocessed/Crops3D/Tomato/8-13_1-55.npz,4096,,,,349960,337503,12457,20473,4096
Crops3D,Tomato,../data/crops3d/Tomato/8-13_10-3.ply,../data/preprocessed/Crops3D/Tomato/8-13_10-3.npz,4096,,,,510984,493003,17981,17927,4096
Crops3D,Tomato,../data/crops3d/Tomato/8-13_10-53.ply,../data/preprocessed/Crops3D/Tomato/8-13_10-53.npz,4096,,,,217087,209351,7736,17775,4096
Crops3D,Tomato,../data/crops3d/Tomato/8-13_2-1.ply,../data/preprocessed/Crops3D/Tomato/8-13_2-1.npz,4096,,,,78655,75942,2713,9198,4096
Crops3D,Tomato,../data/crops3d/Tomato/8-13_20-28.ply,../data/preprocessed/Crops3D/Tomato/8-13_20-28.npz,4096,,,,322315,311316,10999,14513,4096
Crops3D,Tomato,../data/crops3d/Tomato/8-13_30-4.ply,../data/preprocessed/Crops3D/Tomato/8-13_30-4.npz,4096,,,,230493,222538,7955,16561,4096
Crops3D,Tomato,../data/crops3d/Tomato/8-13_30-52.ply,../data/preprocessed/Crops3D/Tomato/8-13_30-52.npz,4096,,,,427093,412708,14385,15208,4096
Crops3D,Tomato,../data/crops3d/Tomato/8-13_35-22.ply,../data/preprocessed/Crops3D/Tomato/8-13_35-22.npz,4096,,,,375584,363625,11959,15197,4096
Crops3D,Tomato,../data/crops3d/Tomato/8-16_1-1.ply,../data/preprocessed/Crops3D/Tomato/8-16_1-1.npz,4096,,,,304689,294398,10291,14093,4096
Crops3D,Tomato,../data/crops3d/Tomato/8-16_1-55.ply,../data/preprocessed/Crops3D/Tomato/8-16_1-55.npz,4096,,,,646390,621949,24441,20189,4096
Crops3D,Tomato,../data/crops3d/Tomato/8-22_10-3.ply,../data/preprocessed/Crops3D/Tomato/8-22_10-3.npz,4096,,,,1035417,989349,46068,29261,4096
Crops3D,Tomato,../data/crops3d/Tomato/8-22_10-53.ply,../data/preprocessed/Crops3D/Tomato/8-22_10-53.npz,4096,,,,699289,669497,29792,21747,4096
Crops3D,Tomato,../data/crops3d/Tomato/8-22_20-28.ply,../data/preprocessed/Crops3D/Tomato/8-22_20-28.npz,4096,,,,1030673,984276,46397,21990,4096
Crops3D,Tomato,../data/crops3d/Tomato/8-22_30-4.ply,../data/preprocessed/Crops3D/Tomato/8-22_30-4.npz,4096,,,,609303,582212,27091,23995,4096
Crops3D,Tomato,../data/crops3d/Tomato/8-22_30-52.ply,../data/preprocessed/Crops3D/Tomato/8-22_30-52.npz,4096,,,,951581,908815,42766,22621,4096
Crops3D,Tomato,../data/crops3d/Tomato/8-22_35-22.ply,../data/preprocessed/Crops3D/Tomato/8-22_35-22.npz,4096,,,,811797,776333,35464,25523,4096
Crops3D,Tomato,../data/crops3d/Tomato/8-25_1-1.ply,../data/preprocessed/Crops3D/Tomato/8-25_1-1.npz,4096,,,,693989,661591,32398,20885,4096
Crops3D,Tomato,../data/crops3d/Tomato/8-25_1-55.ply,../data/preprocessed/Crops3D/Tomato/8-25_1-55.npz,4096,,,,1304362,1247891,56471,25633,4096
Crops3D,Tomato,../data/crops3d/Tomato/8-25_10-3.ply,../data/preprocessed/Crops3D/Tomato/8-25_10-3.npz,4096,,,,1097459,1045553,51906,32005,4096
Crops3D,Tomato,../data/crops3d/Tomato/8-25_10-53.ply,../data/preprocessed/Crops3D/Tomato/8-25_10-53.npz,4096,,,,1046969,998912,48057,26525,4096
Crops3D,Tomato,../data/crops3d/Tomato/8-25_2-1.ply,../data/preprocessed/Crops3D/Tomato/8-25_2-1.npz,4096,,,,142475,136702,5773,12973,4096
Crops3D,Tomato,../data/crops3d/Tomato/8-25_30-4.ply,../data/preprocessed/Crops3D/Tomato/8-25_30-4.npz,4096,,,,531981,508838,23143,22149,4096
Crops3D,Tomato,../data/crops3d/Tomato/8-25_30-52.ply,../data/preprocessed/Crops3D/Tomato/8-25_30-52.npz,4096,,,,602847,576424,26423,30528,4096
Crops3D,Tomato,../data/crops3d/Tomato/8-25_35-22.ply,../data/preprocessed/Crops3D/Tomato/8-25_35-22.npz,4096,,,,761093,727191,33902,28141,4096
Crops3D,Tomato,../data/crops3d/Tomato/8-28_1-1.ply,../data/preprocessed/Crops3D/Tomato/8-28_1-1.npz,4096,,,,694668,663604,31064,19981,4096
Crops3D,Tomato,../data/crops3d/Tomato/8-28_1-55.ply,../data/preprocessed/Crops3D/Tomato/8-28_1-55.npz,4096,,,,559438,534528,24910,22966,4096
Crops3D,Tomato,../data/crops3d/Tomato/8-28_10-3.ply,../data/preprocessed/Crops3D/Tomato/8-28_10-3.npz,4096,,,,1129742,1073553,56189,32832,4096
Crops3D,Tomato,../data/crops3d/Tomato/8-28_10-53.ply,../data/preprocessed/Crops3D/Tomato/8-28_10-53.npz,4096,,,,624644,604315,20329,25730,4096
Crops3D,Tomato,../data/crops3d/Tomato/8-28_2-1.ply,../data/preprocessed/Crops3D/Tomato/8-28_2-1.npz,4096,,,,349304,333183,16121,17034,4096
Crops3D,Tomato,../data/crops3d/Tomato/8-28_20-28.ply,../data/preprocessed/Crops3D/Tomato/8-28_20-28.npz,4096,,,,1348477,1297584,50893,21699,4096
Crops3D,Tomato,../data/crops3d/Tomato/8-28_30-4.ply,../data/preprocessed/Crops3D/Tomato/8-28_30-4.npz,4096,,,,560061,536628,23433,25210,4096
Crops3D,Tomato,../data/crops3d/Tomato/8-28_30-52.ply,../data/preprocessed/Crops3D/Tomato/8-28_30-52.npz,4096,,,,794714,763889,30825,26346,4096
Crops3D,Tomato,../data/crops3d/Tomato/8-28_35-22.ply,../data/preprocessed/Crops3D/Tomato/8-28_35-22.npz,4096,,,,1318491,1266324,52167,30962,4096
Crops3D,Tomato,../data/crops3d/Tomato/8-31_1-1.ply,../data/preprocessed/Crops3D/Tomato/8-31_1-1.npz,4096,,,,373501,358031,15470,19682,4096
Crops3D,Tomato,../data/crops3d/Tomato/8-31_1-55.ply,../data/preprocessed/Crops3D/Tomato/8-31_1-55.npz,4096,,,,1099080,1057141,41939,28602,4096
Crops3D,Tomato,../data/crops3d/Tomato/8-31_10-3.ply,../data/preprocessed/Crops3D/Tomato/8-31_10-3.npz,4096,,,,1126362,1078705,47657,38269,4096
Crops3D,Tomato,../data/crops3d/Tomato/8-31_10-53.ply,../data/preprocessed/Crops3D/Tomato/8-31_10-53.npz,4096,,,,1054630,1013415,41215,31588,4096
Crops3D,Tomato,../data/crops3d/Tomato/8-31_2-1.ply,../data/preprocessed/Crops3D/Tomato/8-31_2-1.npz,4096,,,,288551,277298,11253,20700,4096
Crops3D,Tomato,../data/crops3d/Tomato/8-31_20-28.ply,../data/preprocessed/Crops3D/Tomato/8-31_20-28.npz,4096,,,,1317277,1267659,49618,26780,4096
Crops3D,Tomato,../data/crops3d/Tomato/8-31_30-4.ply,../data/preprocessed/Crops3D/Tomato/8-31_30-4.npz,4096,,,,715852,688097,27755,20932,4096
Crops3D,Tomato,../data/crops3d/Tomato/8-31_35-22.ply,../data/preprocessed/Crops3D/Tomato/8-31_35-22.npz,4096,,,,486520,460449,26071,29322,4096
Crops3D,Tomato,../data/crops3d/Tomato/9-14_1-1.ply,../data/preprocessed/Crops3D/Tomato/9-14_1-1.npz,4096,,,,1065099,1015626,49473,28487,4096
Crops3D,Tomato,../data/crops3d/Tomato/9-14_1-55.ply,../data/preprocessed/Crops3D/Tomato/9-14_1-55.npz,4096,,,,730519,700727,29792,20247,4096
Crops3D,Tomato,../data/crops3d/Tomato/9-14_10-3.ply,../data/preprocessed/Crops3D/Tomato/9-14_10-3.npz,4096,,,,1094013,1047872,46141,29230,4096
Crops3D,Tomato,../data/crops3d/Tomato/9-14_10-53.ply,../data/preprocessed/Crops3D/Tomato/9-14_10-53.npz,4096,,,,950967,913761,37206,27760,4096
Crops3D,Tomato,../data/crops3d/Tomato/9-14_2-1.ply,../data/preprocessed/Crops3D/Tomato/9-14_2-1.npz,4096,,,,477818,458851,18967,21368,4096
Crops3D,Tomato,../data/crops3d/Tomato/9-14_30-4.ply,../data/preprocessed/Crops3D/Tomato/9-14_30-4.npz,4096,,,,1164597,1120369,44228,27079,4096
Crops3D,Tomato,../data/crops3d/Tomato/9-3_1-1.ply,../data/preprocessed/Crops3D/Tomato/9-3_1-1.npz,4096,,,,600581,576278,24303,25752,4096
Crops3D,Tomato,../data/crops3d/Tomato/9-3_1-55.ply,../data/preprocessed/Crops3D/Tomato/9-3_1-55.npz,4096,,,,1209363,1162274,47089,24048,4096
Crops3D,Tomato,../data/crops3d/Tomato/9-3_10-3.ply,../data/preprocessed/Crops3D/Tomato/9-3_10-3.npz,4096,,,,724995,694884,30111,35771,4096
Crops3D,Tomato,../data/crops3d/Tomato/9-3_10-53.ply,../data/preprocessed/Crops3D/Tomato/9-3_10-53.npz,4096,,,,1163846,1116401,47445,32570,4096
Crops3D,Tomato,../data/crops3d/Tomato/9-3_2-1.ply,../data/preprocessed/Crops3D/Tomato/9-3_2-1.npz,4096,,,,416232,400215,16017,20362,4096
Crops3D,Tomato,../data/crops3d/Tomato/9-3_20-28.ply,../data/preprocessed/Crops3D/Tomato/9-3_20-28.npz,4096,,,,2158075,2057791,100284,30084,4096
Crops3D,Tomato,../data/crops3d/Tomato/9-3_30-4.ply,../data/preprocessed/Crops3D/Tomato/9-3_30-4.npz,4096,,,,746428,717611,28817,23111,4096
Crops3D,Tomato,../data/crops3d/Tomato/9-3_30-52.ply,../data/preprocessed/Crops3D/Tomato/9-3_30-52.npz,4096,,,,871296,836679,34617,23240,4096
Crops3D,Tomato,../data/crops3d/Tomato/9-3_35-22.ply,../data/preprocessed/Crops3D/Tomato/9-3_35-22.npz,4096,,,,1818335,1737077,81258,29333,4096
Crops3D,Tomato,../data/crops3d/Tomato/9-6_1-1.ply,../data/preprocessed/Crops3D/Tomato/9-6_1-1.npz,4096,,,,686470,658540,27930,23116,4096
Crops3D,Tomato,../data/crops3d/Tomato/9-6_1-55.ply,../data/preprocessed/Crops3D/Tomato/9-6_1-55.npz,4096,,,,1204764,1156800,47964,26837,4096
Crops3D,Tomato,../data/crops3d/Tomato/9-6_10-3.ply,../data/preprocessed/Crops3D/Tomato/9-6_10-3.npz,4096,,,,1356467,1293425,63042,39748,4096
Crops3D,Tomato,../data/crops3d/Tomato/9-6_10-53.ply,../data/preprocessed/Crops3D/Tomato/9-6_10-53.npz,4096,,,,1325991,1268803,57188,30471,4096
Crops3D,Tomato,../data/crops3d/Tomato/9-6_2-1.ply,../data/preprocessed/Crops3D/Tomato/9-6_2-1.npz,4096,,,,354155,339909,14246,17549,4096
Crops3D,Tomato,../data/crops3d/Tomato/9-6_20-28.ply,../data/preprocessed/Crops3D/Tomato/9-6_20-28.npz,4096,,,,1199025,1152005,47020,27559,4096
Crops3D,Tomato,../data/crops3d/Tomato/9-6_30-4.ply,../data/preprocessed/Crops3D/Tomato/9-6_30-4.npz,4096,,,,651656,625675,25981,21781,4096
Crops3D,Tomato,../data/crops3d/Tomato/9-6_30-52.ply,../data/preprocessed/Crops3D/Tomato/9-6_30-52.npz,4096,,,,950111,912110,38001,26702,4096
Crops3D,Tomato,../data/crops3d/Tomato/9-6_35-22.ply,../data/preprocessed/Crops3D/Tomato/9-6_35-22.npz,4096,,,,1472565,1405547,67018,33612,4096
Crops3D,Maize,../data/crops3d/Maize/1-1.ply,../data/preprocessed/Crops3D/Maize/1-1.npz,4096,,,,10772,10405,367,10405,4096
Crops3D,Maize,../data/crops3d/Maize/1-100.ply,../data/preprocessed/Crops3D/Maize/1-100.npz,4096,,,,280501,272621,7880,6350,4096
Crops3D,Maize,../data/crops3d/Maize/1-102.ply,../data/preprocessed/Crops3D/Maize/1-102.npz,4096,,,,148781,145331,3450,5126,4096
Crops3D,Maize,../data/crops3d/Maize/1-103.ply,../data/preprocessed/Crops3D/Maize/1-103.npz,4096,,,,137501,134415,3086,4760,4096
Crops3D,Maize,../data/crops3d/Maize/1-105.ply,../data/preprocessed/Crops3D/Maize/1-105.npz,4096,,,,428495,416434,12061,9496,4096
Crops3D,Maize,../data/crops3d/Maize/1-106.ply,../data/preprocessed/Crops3D/Maize/1-106.npz,4096,,,,302666,291051,11615,5052,4096
Crops3D,Maize,../data/crops3d/Maize/1-107.ply,../data/preprocessed/Crops3D/Maize/1-107.npz,4096,,,,167300,161903,5397,6005,4096
Crops3D,Maize,../data/crops3d/Maize/1-108.ply,../data/preprocessed/Crops3D/Maize/1-108.npz,4096,,,,227838,223124,4714,4893,4096
Crops3D,Maize,../data/crops3d/Maize/1-110.ply,../data/preprocessed/Crops3D/Maize/1-110.npz,4096,,,,165323,161868,3455,5213,4096
Crops3D,Maize,../data/crops3d/Maize/1-111.ply,../data/preprocessed/Crops3D/Maize/1-111.npz,4096,,,,214518,207936,6582,5332,4096
Crops3D,Maize,../data/crops3d/Maize/1-113.ply,../data/preprocessed/Crops3D/Maize/1-113.npz,4096,,,,304438,296203,8235,7022,4096
Crops3D,Maize,../data/crops3d/Maize/1-114.ply,../data/preprocessed/Crops3D/Maize/1-114.npz,4096,,,,143500,136858,6642,5513,4096
Crops3D,Maize,../data/crops3d/Maize/1-115.ply,../data/preprocessed/Crops3D/Maize/1-115.npz,4096,,,,62932,61278,1654,61278,4096
Crops3D,Maize,../data/crops3d/Maize/1-116.ply,../data/preprocessed/Crops3D/Maize/1-116.npz,4096,,,,164440,159854,4586,4763,4096
Crops3D,Maize,../data/crops3d/Maize/1-117.ply,../data/preprocessed/Crops3D/Maize/1-117.npz,4096,,,,128336,125620,2716,4327,4096
Crops3D,Maize,../data/crops3d/Maize/1-118.ply,../data/preprocessed/Crops3D/Maize/1-118.npz,4096,,,,371527,363445,8082,5762,4096
Crops3D,Maize,../data/crops3d/Maize/1-120.ply,../data/preprocessed/Crops3D/Maize/1-120.npz,4096,,,,224447,218326,6121,6216,4096
Crops3D,Maize,../data/crops3d/Maize/1-121.ply,../data/preprocessed/Crops3D/Maize/1-121.npz,4096,,,,178013,172270,5743,6302,4096
Crops3D,Maize,../data/crops3d/Maize/1-122.ply,../data/preprocessed/Crops3D/Maize/1-122.npz,4096,,,,46372,45122,1250,45122,4096
Crops3D,Maize,../data/crops3d/Maize/1-123.ply,../data/preprocessed/Crops3D/Maize/1-123.npz,4096,,,,457347,442797,14550,5953,4096
Crops3D,Maize,../data/crops3d/Maize/1-125.ply,../data/preprocessed/Crops3D/Maize/1-125.npz,4096,,,,146546,142973,3573,142973,4096
Crops3D,Maize,../data/crops3d/Maize/1-127.ply,../data/preprocessed/Crops3D/Maize/1-127.npz,4096,,,,304946,292075,12871,6767,4096
Crops3D,Maize,../data/crops3d/Maize/1-19.ply,../data/preprocessed/Crops3D/Maize/1-19.npz,4096,,,,14799,14150,649,14150,4096
Crops3D,Maize,../data/crops3d/Maize/1-21.ply,../data/preprocessed/Crops3D/Maize/1-21.npz,4096,,,,38607,37073,1534,37073,4096
Crops3D,Maize,../data/crops3d/Maize/1-22.ply,../data/preprocessed/Crops3D/Maize/1-22.npz,4096,,,,10987,10676,311,10676,4096
Crops3D,Maize,../data/crops3d/Maize/1-24.ply,../data/preprocessed/Crops3D/Maize/1-24.npz,4096,,,,22527,21684,843,21684,4096
Crops3D,Maize,../data/crops3d/Maize/1-3.ply,../data/preprocessed/Crops3D/Maize/1-3.npz,4096,,,,10161,9766,395,9766,4096
Crops3D,Maize,../data/crops3d/Maize/1-4.ply,../data/preprocessed/Crops3D/Maize/1-4.npz,4096,,,,57317,54760,2557,8045,4096
Crops3D,Maize,../data/crops3d/Maize/1-5.ply,../data/preprocessed/Crops3D/Maize/1-5.npz,4096,,,,15126,14397,729,14397,4096
Crops3D,Maize,../data/crops3d/Maize/1-50.ply,../data/preprocessed/Crops3D/Maize/1-50.npz,4096,,,,81159,77902,3257,7217,4096
Crops3D,Maize,../data/crops3d/Maize/1-51.ply,../data/preprocessed/Crops3D/Maize/1-51.npz,4096,,,,164663,157330,7333,10882,4096
Crops3D,Maize,../data/crops3d/Maize/1-52.ply,../data/preprocessed/Crops3D/Maize/1-52.npz,4096,,,,38904,37295,1609,37295,4096
Crops3D,Maize,../data/crops3d/Maize/1-53.ply,../data/preprocessed/Crops3D/Maize/1-53.npz,4096,,,,210597,200305,10292,8316,4096
Crops3D,Maize,../data/crops3d/Maize/1-54.ply,../data/preprocessed/Crops3D/Maize/1-54.npz,4096,,,,30651,29592,1059,29592,4096
Crops3D,Maize,../data/crops3d/Maize/1-55.ply,../data/preprocessed/Crops3D/Maize/1-55.npz,4096,,,,135109,128644,6465,7934,4096
Crops3D,Maize,../data/crops3d/Maize/1-56.ply,../data/preprocessed/Crops3D/Maize/1-56.npz,4096,,,,94407,90690,3717,6346,4096
Crops3D,Maize,../data/crops3d/Maize/1-58.ply,../data/preprocessed/Crops3D/Maize/1-58.npz,4096,,,,128270,123457,4813,7459,4096
Crops3D,Maize,../data/crops3d/Maize/1-59.ply,../data/preprocessed/Crops3D/Maize/1-59.npz,4096,,,,173578,166065,7513,7546,4096
Crops3D,Maize,../data/crops3d/Maize/1-60.ply,../data/preprocessed/Crops3D/Maize/1-60.npz,4096,,,,198835,192234,6601,6466,4096
Crops3D,Maize,../data/crops3d/Maize/1-61.ply,../data/preprocessed/Crops3D/Maize/1-61.npz,4096,,,,23742,22803,939,22803,4096
Crops3D,Maize,../data/crops3d/Maize/1-62.ply,../data/preprocessed/Crops3D/Maize/1-62.npz,4096,,,,62070,59896,2174,6332,4096
Crops3D,Maize,../data/crops3d/Maize/1-63.ply,../data/preprocessed/Crops3D/Maize/1-63.npz,4096,,,,21584,20906,678,20906,4096
Crops3D,Maize,../data/crops3d/Maize/1-64.ply,../data/preprocessed/Crops3D/Maize/1-64.npz,4096,,,,47250,45618,1632,45618,4096
Crops3D,Maize,../data/crops3d/Maize/1-65.ply,../data/preprocessed/Crops3D/Maize/1-65.npz,4096,,,,74902,72640,2262,8133,4096
Crops3D,Maize,../data/crops3d/Maize/1-67.ply,../data/preprocessed/Crops3D/Maize/1-67.npz,4096,,,,115216,112416,2800,6137,4096
Crops3D,Maize,../data/crops3d/Maize/1-68.ply,../data/preprocessed/Crops3D/Maize/1-68.npz,4096,,,,22085,21455,630,21455,4096
Crops3D,Maize,../data/crops3d/Maize/1-69.ply,../data/preprocessed/Crops3D/Maize/1-69.npz,4096,,,,38584,37460,1124,37460,4096
Crops3D,Maize,../data/crops3d/Maize/1-70.ply,../data/preprocessed/Crops3D/Maize/1-70.npz,4096,,,,18316,17807,509,17807,4096
Crops3D,Maize,../data/crops3d/Maize/1-71.ply,../data/preprocessed/Crops3D/Maize/1-71.npz,4096,,,,62108,60184,1924,6348,4096
Crops3D,Maize,../data/crops3d/Maize/1-72.ply,../data/preprocessed/Crops3D/Maize/1-72.npz,4096,,,,67442,64412,3030,7528,4096
Crops3D,Maize,../data/crops3d/Maize/1-73.ply,../data/preprocessed/Crops3D/Maize/1-73.npz,4096,,,,44819,43481,1338,43481,4096
Crops3D,Maize,../data/crops3d/Maize/1-74.ply,../data/preprocessed/Crops3D/Maize/1-74.npz,4096,,,,93102,90471,2631,6588,4096
Crops3D,Maize,../data/crops3d/Maize/1-75.ply,../data/preprocessed/Crops3D/Maize/1-75.npz,4096,,,,204185,196631,7554,6255,4096
Crops3D,Maize,../data/crops3d/Maize/1-76.ply,../data/preprocessed/Crops3D/Maize/1-76.npz,4096,,,,97748,93231,4517,7073,4096
Crops3D,Maize,../data/crops3d/Maize/1-77.ply,../data/preprocessed/Crops3D/Maize/1-77.npz,4096,,,,73389,70857,2532,6004,4096
Crops3D,Maize,../data/crops3d/Maize/1-78.ply,../data/preprocessed/Crops3D/Maize/1-78.npz,4096,,,,28761,27739,1022,27739,4096
Crops3D,Maize,../data/crops3d/Maize/1-8.ply,../data/preprocessed/Crops3D/Maize/1-8.npz,4096,,,,43230,41880,1350,41880,4096
Crops3D,Maize,../data/crops3d/Maize/2-1.ply,../data/preprocessed/Crops3D/Maize/2-1.npz,4096,,,,58051,56053,1998,7681,4096
Crops3D,Maize,../data/crops3d/Maize/2-10.ply,../data/preprocessed/Crops3D/Maize/2-10.npz,4096,,,,92022,89092,2930,7367,4096
Crops3D,Maize,../data/crops3d/Maize/2-100.ply,../data/preprocessed/Crops3D/Maize/2-100.npz,4096,,,,101117,98900,2217,6486,4096
Crops3D,Maize,../data/crops3d/Maize/2-101.ply,../data/preprocessed/Crops3D/Maize/2-101.npz,4096,,,,50694,49116,1578,49116,4096
Crops3D,Maize,../data/crops3d/Maize/2-102.ply,../data/preprocessed/Crops3D/Maize/2-102.npz,4096,,,,90827,87746,3081,8837,4096
Crops3D,Maize,../data/crops3d/Maize/2-103.ply,../data/preprocessed/Crops3D/Maize/2-103.npz,4096,,,,69716,66800,2916,7870,4096
Crops3D,Maize,../data/crops3d/Maize/2-104.ply,../data/preprocessed/Crops3D/Maize/2-104.npz,4096,,,,91414,88995,2419,10355,4096
Crops3D,Maize,../data/crops3d/Maize/2-105.ply,../data/preprocessed/Crops3D/Maize/2-105.npz,4096,,,,61913,60727,1186,16477,4096
Crops3D,Maize,../data/crops3d/Maize/2-106.ply,../data/preprocessed/Crops3D/Maize/2-106.npz,4096,,,,50050,48761,1289,48761,4096
Crops3D,Maize,../data/crops3d/Maize/2-107.ply,../data/preprocessed/Crops3D/Maize/2-107.npz,4096,,,,94533,90894,3639,9397,4096
Crops3D,Maize,../data/crops3d/Maize/2-108.ply,../data/preprocessed/Crops3D/Maize/2-108.npz,4096,,,,67842,65826,2016,7341,4096
Crops3D,Maize,../data/crops3d/Maize/2-109.ply,../data/preprocessed/Crops3D/Maize/2-109.npz,4096,,,,95259,92279,2980,6133,4096
Crops3D,Maize,../data/crops3d/Maize/2-11.ply,../data/preprocessed/Crops3D/Maize/2-11.npz,4096,,,,110551,105022,5529,9947,4096
Crops3D,Maize,../data/crops3d/Maize/2-110.ply,../data/preprocessed/Crops3D/Maize/2-110.npz,4096,,,,67782,65350,2432,10692,4096
Crops3D,Maize,../data/crops3d/Maize/2-111.ply,../data/preprocessed/Crops3D/Maize/2-111.npz,4096,,,,27280,26568,712,26568,4096
Crops3D,Maize,../data/crops3d/Maize/2-113.ply,../data/preprocessed/Crops3D/Maize/2-113.npz,4096,,,,40321,38641,1680,38641,4096
Crops3D,Maize,../data/crops3d/Maize/2-114.ply,../data/preprocessed/Crops3D/Maize/2-114.npz,4096,,,,50665,48420,2245,48420,4096
Crops3D,Maize,../data/crops3d/Maize/2-115.ply,../data/preprocessed/Crops3D/Maize/2-115.npz,4096,,,,83607,80520,3087,5725,4096
Crops3D,Maize,../data/crops3d/Maize/2-116.ply,../data/preprocessed/Crops3D/Maize/2-116.npz,4096,,,,36798,35503,1295,35503,4096
Crops3D,Maize,../data/crops3d/Maize/2-117.ply,../data/preprocessed/Crops3D/Maize/2-117.npz,4096,,,,42751,41046,1705,41046,4096
Crops3D,Maize,../data/crops3d/Maize/2-12.ply,../data/preprocessed/Crops3D/Maize/2-12.npz,4096,,,,80104,77058,3046,8035,4096
Crops3D,Maize,../data/crops3d/Maize/2-120.ply,../data/preprocessed/Crops3D/Maize/2-120.npz,4096,,,,60084,56851,3233,10231,4096
Crops3D,Maize,../data/crops3d/Maize/2-122.ply,../data/preprocessed/Crops3D/Maize/2-122.npz,4096,,,,24672,23578,1094,23578,4096
Crops3D,Maize,../data/crops3d/Maize/2-123.ply,../data/preprocessed/Crops3D/Maize/2-123.npz,4096,,,,30127,28613,1514,28613,4096
Crops3D,Maize,../data/crops3d/Maize/2-124.ply,../data/preprocessed/Crops3D/Maize/2-124.npz,4096,,,,25122,24163,959,24163,4096
Crops3D,Maize,../data/crops3d/Maize/2-126.ply,../data/preprocessed/Crops3D/Maize/2-126.npz,4096,,,,14127,13536,591,13536,4096
Crops3D,Maize,../data/crops3d/Maize/2-127.ply,../data/preprocessed/Crops3D/Maize/2-127.npz,4096,,,,14816,14164,652,14164,4096
Crops3D,Maize,../data/crops3d/Maize/2-128.ply,../data/preprocessed/Crops3D/Maize/2-128.npz,4096,,,,23032,22293,739,22293,4096
Crops3D,Maize,../data/crops3d/Maize/2-129.ply,../data/preprocessed/Crops3D/Maize/2-129.npz,4096,,,,42738,41264,1474,41264,4096
Crops3D,Maize,../data/crops3d/Maize/2-13.ply,../data/preprocessed/Crops3D/Maize/2-13.npz,4096,,,,26135,25472,663,25472,4096
Crops3D,Maize,../data/crops3d/Maize/2-130.ply,../data/preprocessed/Crops3D/Maize/2-130.npz,4096,,,,34335,33060,1275,33060,4096
Crops3D,Maize,../data/crops3d/Maize/2-131.ply,../data/preprocessed/Crops3D/Maize/2-131.npz,4096,,,,38021,36623,1398,36623,4096
Crops3D,Maize,../data/crops3d/Maize/2-132.ply,../data/preprocessed/Crops3D/Maize/2-132.npz,4096,,,,31287,30322,965,30322,4096
Crops3D,Maize,../data/crops3d/Maize/2-133.ply,../data/preprocessed/Crops3D/Maize/2-133.npz,4096,,,,29992,29503,489,29503,4096
Crops3D,Maize,../data/crops3d/Maize/2-134.ply,../data/preprocessed/Crops3D/Maize/2-134.npz,4096,,,,13285,12922,363,12922,4096
Crops3D,Maize,../data/crops3d/Maize/2-136.ply,../data/preprocessed/Crops3D/Maize/2-136.npz,4096,,,,27109,26157,952,26157,4096
Crops3D,Maize,../data/crops3d/Maize/2-137.ply,../data/preprocessed/Crops3D/Maize/2-137.npz,4096,,,,181182,172354,8828,8243,4096
Crops3D,Maize,../data/crops3d/Maize/2-138.ply,../data/preprocessed/Crops3D/Maize/2-138.npz,4096,,,,37944,36962,982,36962,4096
Crops3D,Maize,../data/crops3d/Maize/2-14.ply,../data/preprocessed/Crops3D/Maize/2-14.npz,4096,,,,59116,56254,2862,7328,4096
Crops3D,Maize,../data/crops3d/Maize/2-140.ply,../data/preprocessed/Crops3D/Maize/2-140.npz,4096,,,,14092,13345,747,13345,4096
Crops3D,Maize,../data/crops3d/Maize/2-141.ply,../data/preprocessed/Crops3D/Maize/2-141.npz,4096,,,,82740,79195,3545,4772,4096
Crops3D,Maize,../data/crops3d/Maize/2-142.ply,../data/preprocessed/Crops3D/Maize/2-142.npz,4096,,,,298997,285885,13112,7946,4096
Crops3D,Maize,../data/crops3d/Maize/2-144.ply,../data/preprocessed/Crops3D/Maize/2-144.npz,4096,,,,44339,41972,2367,41972,4096
Crops3D,Maize,../data/crops3d/Maize/2-145.ply,../data/preprocessed/Crops3D/Maize/2-145.npz,4096,,,,79550,76051,3499,7269,4096
Crops3D,Maize,../data/crops3d/Maize/2-148.ply,../data/preprocessed/Crops3D/Maize/2-148.npz,4096,,,,20776,20001,775,20001,4096
Crops3D,Maize,../data/crops3d/Maize/2-149.ply,../data/preprocessed/Crops3D/Maize/2-149.npz,4096,,,,36424,35185,1239,35185,4096
Crops3D,Maize,../data/crops3d/Maize/2-16.ply,../data/preprocessed/Crops3D/Maize/2-16.npz,4096,,,,34230,32532,1698,32532,4096
Crops3D,Maize,../data/crops3d/Maize/2-17.ply,../data/preprocessed/Crops3D/Maize/2-17.npz,4096,,,,47469,45668,1801,45668,4096
Crops3D,Maize,../data/crops3d/Maize/2-18.ply,../data/preprocessed/Crops3D/Maize/2-18.npz,4096,,,,30801,29936,865,29936,4096
Crops3D,Maize,../data/crops3d/Maize/2-2.ply,../data/preprocessed/Crops3D/Maize/2-2.npz,4096,,,,65941,63221,2720,10317,4096
Crops3D,Maize,../data/crops3d/Maize/2-20.ply,../data/preprocessed/Crops3D/Maize/2-20.npz,4096,,,,32291,31182,1109,31182,4096
Crops3D,Maize,../data/crops3d/Maize/2-21.ply,../data/preprocessed/Crops3D/Maize/2-21.npz,4096,,,,45964,43938,2026,43938,4096
Crops3D,Maize,../data/crops3d/Maize/2-22.ply,../data/preprocessed/Crops3D/Maize/2-22.npz,4096,,,,52080,50682,1398,7662,4096
Crops3D,Maize,../data/crops3d/Maize/2-23.ply,../data/preprocessed/Crops3D/Maize/2-23.npz,4096,,,,34275,33148,1127,33148,4096
Crops3D,Maize,../data/crops3d/Maize/2-24.ply,../data/preprocessed/Crops3D/Maize/2-24.npz,4096,,,,22797,21968,829,21968,4096
Crops3D,Maize,../data/crops3d/Maize/2-25.ply,../data/preprocessed/Crops3D/Maize/2-25.npz,4096,,,,44207,42082,2125,42082,4096
Crops3D,Maize,../data/crops3d/Maize/2-26.ply,../data/preprocessed/Crops3D/Maize/2-26.npz,4096,,,,54983,52143,2840,8265,4096
Crops3D,Maize,../data/crops3d/Maize/2-28.ply,../data/preprocessed/Crops3D/Maize/2-28.npz,4096,,,,42476,40945,1531,40945,4096
Crops3D,Maize,../data/crops3d/Maize/2-29.ply,../data/preprocessed/Crops3D/Maize/2-29.npz,4096,,,,91199,86430,4769,9880,4096
Crops3D,Maize,../data/crops3d/Maize/2-3.ply,../data/preprocessed/Crops3D/Maize/2-3.npz,4096,,,,72965,69227,3738,8602,4096
Crops3D,Maize,../data/crops3d/Maize/2-31.ply,../data/preprocessed/Crops3D/Maize/2-31.npz,4096,,,,55949,53478,2471,11414,4096
Crops3D,Maize,../data/crops3d/Maize/2-32.ply,../data/preprocessed/Crops3D/Maize/2-32.npz,4096,,,,40678,38501,2177,38501,4096
Crops3D,Maize,../data/crops3d/Maize/2-33.ply,../data/preprocessed/Crops3D/Maize/2-33.npz,4096,,,,30473,29672,801,29672,4096
Crops3D,Maize,../data/crops3d/Maize/2-34.ply,../data/preprocessed/Crops3D/Maize/2-34.npz,4096,,,,29830,28375,1455,28375,4096
Crops3D,Maize,../data/crops3d/Maize/2-35.ply,../data/preprocessed/Crops3D/Maize/2-35.npz,4096,,,,25363,23963,1400,23963,4096
Crops3D,Maize,../data/crops3d/Maize/2-36.ply,../data/preprocessed/Crops3D/Maize/2-36.npz,4096,,,,61225,57948,3277,13534,4096
Crops3D,Maize,../data/crops3d/Maize/2-37.ply,../data/preprocessed/Crops3D/Maize/2-37.npz,4096,,,,43421,40886,2535,40886,4096
Crops3D,Maize,../data/crops3d/Maize/2-39.ply,../data/preprocessed/Crops3D/Maize/2-39.npz,4096,,,,52775,50689,2086,9286,4096
Crops3D,Maize,../data/crops3d/Maize/2-4.ply,../data/preprocessed/Crops3D/Maize/2-4.npz,4096,,,,62243,58896,3347,9112,4096
Crops3D,Maize,../data/crops3d/Maize/2-5.ply,../data/preprocessed/Crops3D/Maize/2-5.npz,4096,,,,88726,86054,2672,6081,4096
Crops3D,Maize,../data/crops3d/Maize/2-50.ply,../data/preprocessed/Crops3D/Maize/2-50.npz,4096,,,,148650,142474,6176,9421,4096
Crops3D,Maize,../data/crops3d/Maize/2-51.ply,../data/preprocessed/Crops3D/Maize/2-51.npz,4096,,,,115892,111563,4329,7942,4096
Crops3D,Maize,../data/crops3d/Maize/2-52.ply,../data/preprocessed/Crops3D/Maize/2-52.npz,4096,,,,106737,102128,4609,8138,4096
Crops3D,Maize,../data/crops3d/Maize/2-53.ply,../data/preprocessed/Crops3D/Maize/2-53.npz,4096,,,,92085,88245,3840,8239,4096
Crops3D,Maize,../data/crops3d/Maize/2-54.ply,../data/preprocessed/Crops3D/Maize/2-54.npz,4096,,,,100053,96219,3834,8030,4096
Crops3D,Maize,../data/crops3d/Maize/2-56.ply,../data/preprocessed/Crops3D/Maize/2-56.npz,4096,,,,87412,83017,4395,8690,4096
Crops3D,Maize,../data/crops3d/Maize/2-57.ply,../data/preprocessed/Crops3D/Maize/2-57.npz,4096,,,,68926,66193,2733,7545,4096
Crops3D,Maize,../data/crops3d/Maize/2-58.ply,../data/preprocessed/Crops3D/Maize/2-58.npz,4096,,,,55020,53215,1805,6636,4096
Crops3D,Maize,../data/crops3d/Maize/2-59.ply,../data/preprocessed/Crops3D/Maize/2-59.npz,4096,,,,37260,35998,1262,35998,4096
Crops3D,Maize,../data/crops3d/Maize/2-6.ply,../data/preprocessed/Crops3D/Maize/2-6.npz,4096,,,,75681,71934,3747,10571,4096
Crops3D,Maize,../data/crops3d/Maize/2-60.ply,../data/preprocessed/Crops3D/Maize/2-60.npz,4096,,,,50228,48858,1370,48858,4096
Crops3D,Maize,../data/crops3d/Maize/2-61.ply,../data/preprocessed/Crops3D/Maize/2-61.npz,4096,,,,35486,34425,1061,34425,4096
Crops3D,Maize,../data/crops3d/Maize/2-62.ply,../data/preprocessed/Crops3D/Maize/2-62.npz,4096,,,,41076,39379,1697,39379,4096
Crops3D,Maize,../data/crops3d/Maize/2-63.ply,../data/preprocessed/Crops3D/Maize/2-63.npz,4096,,,,30135,28876,1259,28876,4096
Crops3D,Maize,../data/crops3d/Maize/2-64.ply,../data/preprocessed/Crops3D/Maize/2-64.npz,4096,,,,28247,27363,884,27363,4096
Crops3D,Maize,../data/crops3d/Maize/2-65.ply,../data/preprocessed/Crops3D/Maize/2-65.npz,4096,,,,39678,38253,1425,38253,4096
Crops3D,Maize,../data/crops3d/Maize/2-66.ply,../data/preprocessed/Crops3D/Maize/2-66.npz,4096,,,,34255,32866,1389,32866,4096
Crops3D,Maize,../data/crops3d/Maize/2-67.ply,../data/preprocessed/Crops3D/Maize/2-67.npz,4096,,,,51591,49399,2192,49399,4096
Crops3D,Maize,../data/crops3d/Maize/2-68.ply,../data/preprocessed/Crops3D/Maize/2-68.npz,4096,,,,44010,42328,1682,42328,4096
Crops3D,Maize,../data/crops3d/Maize/2-69.ply,../data/preprocessed/Crops3D/Maize/2-69.npz,4096,,,,55809,53896,1913,7445,4096
Crops3D,Maize,../data/crops3d/Maize/2-7.ply,../data/preprocessed/Crops3D/Maize/2-7.npz,4096,,,,82375,78075,4300,10191,4096
Crops3D,Maize,../data/crops3d/Maize/2-70.ply,../data/preprocessed/Crops3D/Maize/2-70.npz,4096,,,,42207,40854,1353,40854,4096
Crops3D,Maize,../data/crops3d/Maize/2-71.ply,../data/preprocessed/Crops3D/Maize/2-71.npz,4096,,,,75065,70886,4179,6476,4096
Crops3D,Maize,../data/crops3d/Maize/2-75.ply,../data/preprocessed/Crops3D/Maize/2-75.npz,4096,,,,102311,98061,4250,7415,4096
Crops3D,Maize,../data/crops3d/Maize/2-76.ply,../data/preprocessed/Crops3D/Maize/2-76.npz,4096,,,,111562,106819,4743,7823,4096
Crops3D,Maize,../data/crops3d/Maize/2-77.ply,../data/preprocessed/Crops3D/Maize/2-77.npz,4096,,,,91798,88709,3089,8549,4096
Crops3D,Maize,../data/crops3d/Maize/2-78.ply,../data/preprocessed/Crops3D/Maize/2-78.npz,4096,,,,92653,89401,3252,8811,4096
Crops3D,Maize,../data/crops3d/Maize/2-79.ply,../data/preprocessed/Crops3D/Maize/2-79.npz,4096,,,,100564,96516,4048,6826,4096
Crops3D,Maize,../data/crops3d/Maize/2-8.ply,../data/preprocessed/Crops3D/Maize/2-8.npz,4096,,,,115764,111544,4220,8887,4096
Crops3D,Maize,../data/crops3d/Maize/2-80.ply,../data/preprocessed/Crops3D/Maize/2-80.npz,4096,,,,115131,111353,3778,6095,4096
Crops3D,Maize,../data/crops3d/Maize/2-81.ply,../data/preprocessed/Crops3D/Maize/2-81.npz,4096,,,,182053,174734,7319,8986,4096
Crops3D,Maize,../data/crops3d/Maize/2-83.ply,../data/preprocessed/Crops3D/Maize/2-83.npz,4096,,,,135147,129681,5466,6137,4096
Crops3D,Maize,../data/crops3d/Maize/2-84.ply,../data/preprocessed/Crops3D/Maize/2-84.npz,4096,,,,147849,141686,6163,7442,4096
Crops3D,Maize,../data/crops3d/Maize/2-85.ply,../data/preprocessed/Crops3D/Maize/2-85.npz,4096,,,,89092,85812,3280,6184,4096
Crops3D,Maize,../data/crops3d/Maize/2-86.ply,../data/preprocessed/Crops3D/Maize/2-86.npz,4096,,,,99262,95872,3390,9496,4096
Crops3D,Maize,../data/crops3d/Maize/2-87.ply,../data/preprocessed/Crops3D/Maize/2-87.npz,4096,,,,161806,155325,6481,10355,4096
Crops3D,Maize,../data/crops3d/Maize/2-88.ply,../data/preprocessed/Crops3D/Maize/2-88.npz,4096,,,,130196,124557,5639,9690,4096
Crops3D,Maize,../data/crops3d/Maize/2-89.ply,../data/preprocessed/Crops3D/Maize/2-89.npz,4096,,,,135018,129068,5950,7525,4096
Crops3D,Maize,../data/crops3d/Maize/2-9.ply,../data/preprocessed/Crops3D/Maize/2-9.npz,4096,,,,129104,123687,5417,7217,4096
Crops3D,Maize,../data/crops3d/Maize/3-1.ply,../data/preprocessed/Crops3D/Maize/3-1.npz,4096,,,,48993,46458,2535,46458,4096
Crops3D,Maize,../data/crops3d/Maize/3-10.ply,../data/preprocessed/Crops3D/Maize/3-10.npz,4096,,,,48705,46871,1834,46871,4096
Crops3D,Maize,../data/crops3d/Maize/3-11.ply,../data/preprocessed/Crops3D/Maize/3-11.npz,4096,,,,94839,92835,2004,6242,4096
Crops3D,Maize,../data/crops3d/Maize/3-12.ply,../data/preprocessed/Crops3D/Maize/3-12.npz,4096,,,,82370,79706,2664,79706,4096
Crops3D,Maize,../data/crops3d/Maize/3-13.ply,../data/preprocessed/Crops3D/Maize/3-13.npz,4096,,,,179827,175982,3845,5383,4096
Crops3D,Maize,../data/crops3d/Maize/3-14.ply,../data/preprocessed/Crops3D/Maize/3-14.npz,4096,,,,163214,157978,5236,5079,4096
Crops3D,Maize,../data/crops3d/Maize/3-15.ply,../data/preprocessed/Crops3D/Maize/3-15.npz,4096,,,,132528,130560,1968,130560,4096
Crops3D,Maize,../data/crops3d/Maize/3-16.ply,../data/preprocessed/Crops3D/Maize/3-16.npz,4096,,,,63690,61190,2500,4158,4096
Crops3D,Maize,../data/crops3d/Maize/3-17.ply,../data/preprocessed/Crops3D/Maize/3-17.npz,4096,,,,68112,66177,1935,4837,4096
Crops3D,Maize,../data/crops3d/Maize/3-18.ply,../data/preprocessed/Crops3D/Maize/3-18.npz,4096,,,,73555,71052,2503,71052,4096
Crops3D,Maize,../data/crops3d/Maize/3-19.ply,../data/preprocessed/Crops3D/Maize/3-19.npz,4096,,,,12082,11684,398,11684,4096
Crops3D,Maize,../data/crops3d/Maize/3-2.ply,../data/preprocessed/Crops3D/Maize/3-2.npz,4096,,,,105398,99540,5858,9758,4096
Crops3D,Maize,../data/crops3d/Maize/3-21.ply,../data/preprocessed/Crops3D/Maize/3-21.npz,4096,,,,21561,21167,394,21167,4096
Crops3D,Maize,../data/crops3d/Maize/3-22.ply,../data/preprocessed/Crops3D/Maize/3-22.npz,4096,,,,25886,25088,798,25088,4096
Crops3D,Maize,../data/crops3d/Maize/3-23.ply,../data/preprocessed/Crops3D/Maize/3-23.npz,4096,,,,29738,29158,580,29158,4096
Crops3D,Maize,../data/crops3d/Maize/3-24.ply,../data/preprocessed/Crops3D/Maize/3-24.npz,4096,,,,18829,18281,548,18281,4096
Crops3D,Maize,../data/crops3d/Maize/3-26.ply,../data/preprocessed/Crops3D/Maize/3-26.npz,4096,,,,42067,40932,1135,40932,4096
Crops3D,Maize,../data/crops3d/Maize/3-27.ply,../data/preprocessed/Crops3D/Maize/3-27.npz,4096,,,,22497,22209,288,22209,4096
Crops3D,Maize,../data/crops3d/Maize/3-28.ply,../data/preprocessed/Crops3D/Maize/3-28.npz,4096,,,,38482,37011,1471,37011,4096
Crops3D,Maize,../data/crops3d/Maize/3-29.ply,../data/preprocessed/Crops3D/Maize/3-29.npz,4096,,,,52977,50984,1993,4586,4096
Crops3D,Maize,../data/crops3d/Maize/3-3.ply,../data/preprocessed/Crops3D/Maize/3-3.npz,4096,,,,77642,73497,4145,8003,4096
Crops3D,Maize,../data/crops3d/Maize/3-30.ply,../data/preprocessed/Crops3D/Maize/3-30.npz,4096,,,,39793,38213,1580,38213,4096
Crops3D,Maize,../data/crops3d/Maize/3-31.ply,../data/preprocessed/Crops3D/Maize/3-31.npz,4096,,,,36782,35923,859,35923,4096
Crops3D,Maize,../data/crops3d/Maize/3-32.ply,../data/preprocessed/Crops3D/Maize/3-32.npz,4096,,,,37500,36634,866,36634,4096
Crops3D,Maize,../data/crops3d/Maize/3-33.ply,../data/preprocessed/Crops3D/Maize/3-33.npz,4096,,,,36810,35733,1077,35733,4096
Crops3D,Maize,../data/crops3d/Maize/3-34.ply,../data/preprocessed/Crops3D/Maize/3-34.npz,4096,,,,45925,44619,1306,44619,4096
Crops3D,Maize,../data/crops3d/Maize/3-35.ply,../data/preprocessed/Crops3D/Maize/3-35.npz,4096,,,,30615,29930,685,29930,4096
Crops3D,Maize,../data/crops3d/Maize/3-36.ply,../data/preprocessed/Crops3D/Maize/3-36.npz,4096,,,,28807,28104,703,28104,4096
Crops3D,Maize,../data/crops3d/Maize/3-37.ply,../data/preprocessed/Crops3D/Maize/3-37.npz,4096,,,,33986,33180,806,33180,4096
Crops3D,Maize,../data/crops3d/Maize/3-38.ply,../data/preprocessed/Crops3D/Maize/3-38.npz,4096,,,,37541,36321,1220,36321,4096
Crops3D,Maize,../data/crops3d/Maize/3-39.ply,../data/preprocessed/Crops3D/Maize/3-39.npz,4096,,,,38148,37062,1086,37062,4096
Crops3D,Maize,../data/crops3d/Maize/3-4.ply,../data/preprocessed/Crops3D/Maize/3-4.npz,4096,,,,43252,41108,2144,41108,4096
Crops3D,Maize,../data/crops3d/Maize/3-40.ply,../data/preprocessed/Crops3D/Maize/3-40.npz,4096,,,,84565,83849,716,4395,4096
Crops3D,Maize,../data/crops3d/Maize/3-41.ply,../data/preprocessed/Crops3D/Maize/3-41.npz,4096,,,,42722,41531,1191,41531,4096
Crops3D,Maize,../data/crops3d/Maize/3-42.ply,../data/preprocessed/Crops3D/Maize/3-42.npz,4096,,,,136554,130766,5788,8451,4096
Crops3D,Maize,../data/crops3d/Maize/3-43.ply,../data/preprocessed/Crops3D/Maize/3-43.npz,4096,,,,148467,141697,6770,7077,4096
Crops3D,Maize,../data/crops3d/Maize/3-44.ply,../data/preprocessed/Crops3D/Maize/3-44.npz,4096,,,,183273,175597,7676,6456,4096
Crops3D,Maize,../data/crops3d/Maize/3-45.ply,../data/preprocessed/Crops3D/Maize/3-45.npz,4096,,,,185508,177821,7687,10101,4096
Crops3D,Maize,../data/crops3d/Maize/3-46.ply,../data/preprocessed/Crops3D/Maize/3-46.npz,4096,,,,94000,89622,4378,9664,4096
Crops3D,Maize,../data/crops3d/Maize/3-47.ply,../data/preprocessed/Crops3D/Maize/3-47.npz,4096,,,,103672,98808,4864,8080,4096
Crops3D,Maize,../data/crops3d/Maize/3-48.ply,../data/preprocessed/Crops3D/Maize/3-48.npz,4096,,,,101522,97154,4368,8109,4096
Crops3D,Maize,../data/crops3d/Maize/3-49.ply,../data/preprocessed/Crops3D/Maize/3-49.npz,4096,,,,90349,86154,4195,7511,4096
Crops3D,Maize,../data/crops3d/Maize/3-5.ply,../data/preprocessed/Crops3D/Maize/3-5.npz,4096,,,,52668,50331,2337,10824,4096
Crops3D,Maize,../data/crops3d/Maize/3-50.ply,../data/preprocessed/Crops3D/Maize/3-50.npz,4096,,,,92474,87236,5238,7532,4096
Crops3D,Maize,../data/crops3d/Maize/3-51.ply,../data/preprocessed/Crops3D/Maize/3-51.npz,4096,,,,83031,79117,3914,8671,4096
Crops3D,Maize,../data/crops3d/Maize/3-52.ply,../data/preprocessed/Crops3D/Maize/3-52.npz,4096,,,,60291,57534,2757,7826,4096
Crops3D,Maize,../data/crops3d/Maize/3-53.ply,../data/preprocessed/Crops3D/Maize/3-53.npz,4096,,,,70057,66838,3219,6858,4096
Crops3D,Maize,../data/crops3d/Maize/3-54.ply,../data/preprocessed/Crops3D/Maize/3-54.npz,4096,,,,37006,35476,1530,35476,4096
Crops3D,Maize,../data/crops3d/Maize/3-55.ply,../data/preprocessed/Crops3D/Maize/3-55.npz,4096,,,,50061,48447,1614,48447,4096
Crops3D,Maize,../data/crops3d/Maize/3-56.ply,../data/preprocessed/Crops3D/Maize/3-56.npz,4096,,,,44084,42486,1598,42486,4096
Crops3D,Maize,../data/crops3d/Maize/3-57.ply,../data/preprocessed/Crops3D/Maize/3-57.npz,4096,,,,50543,48588,1955,48588,4096
Crops3D,Maize,../data/crops3d/Maize/3-58.ply,../data/preprocessed/Crops3D/Maize/3-58.npz,4096,,,,34843,33486,1357,33486,4096
Crops3D,Maize,../data/crops3d/Maize/3-59.ply,../data/preprocessed/Crops3D/Maize/3-59.npz,4096,,,,37313,35729,1584,35729,4096
Crops3D,Maize,../data/crops3d/Maize/3-6.ply,../data/preprocessed/Crops3D/Maize/3-6.npz,4096,,,,40923,39078,1845,39078,4096
Crops3D,Maize,../data/crops3d/Maize/3-60.ply,../data/preprocessed/Crops3D/Maize/3-60.npz,4096,,,,27112,26368,744,26368,4096
Crops3D,Maize,../data/crops3d/Maize/3-61.ply,../data/preprocessed/Crops3D/Maize/3-61.npz,4096,,,,29861,28625,1236,28625,4096
Crops3D,Maize,../data/crops3d/Maize/3-7.ply,../data/preprocessed/Crops3D/Maize/3-7.npz,4096,,,,70589,67859,2730,11012,4096
Crops3D,Maize,../data/crops3d/Maize/3-8.ply,../data/preprocessed/Crops3D/Maize/3-8.npz,4096,,,,72003,68462,3541,8695,4096
Crops3D,Maize,../data/crops3d/Maize/3-9.ply,../data/preprocessed/Crops3D/Maize/3-9.npz,4096,,,,49481,47238,2243,47238,4096
Pheno4D,Maize,../data/pheno4d/Maize01/M01_0313_a.txt,../data/preprocessed/Pheno4D/Maize/M01_0313_a.npz,4096,M01,313.0,True,1554168,1494921,59247,16163,4096
Pheno4D,Maize,../data/pheno4d/Maize01/M01_0314.txt,../data/preprocessed/Pheno4D/Maize/M01_0314.npz,4096,M01,314.0,False,1641908,1579008,62900,15772,4096
Pheno4D,Maize,../data/pheno4d/Maize01/M01_0315_a.txt,../data/preprocessed/Pheno4D/Maize/M01_0315_a.npz,4096,M01,315.0,True,1301557,1248996,52561,12031,4096
Pheno4D,Maize,../data/pheno4d/Maize01/M01_0316.txt,../data/preprocessed/Pheno4D/Maize/M01_0316.npz,4096,M01,316.0,False,1026080,982706,43374,11074,4096
Pheno4D,Maize,../data/pheno4d/Maize01/M01_0317_a.txt,../data/preprocessed/Pheno4D/Maize/M01_0317_a.npz,4096,M01,317.0,True,803846,772833,31013,11307,4096
Pheno4D,Maize,../data/pheno4d/Maize01/M01_0318.txt,../data/preprocessed/Pheno4D/Maize/M01_0318.npz,4096,M01,318.0,False,337476,324655,12821,4230,4096
Pheno4D,Maize,../data/pheno4d/Maize01/M01_0319_a.txt,../data/preprocessed/Pheno4D/Maize/M01_0319_a.npz,4096,M01,319.0,True,860826,827419,33407,7203,4096
Pheno4D,Maize,../data/pheno4d/Maize01/M01_0320.txt,../data/preprocessed/Pheno4D/Maize/M01_0320.npz,4096,M01,320.0,False,527758,509074,18684,4215,4096
Pheno4D,Maize,../data/pheno4d/Maize01/M01_0321_a.txt,../data/preprocessed/Pheno4D/Maize/M01_0321_a.npz,4096,M01,321.0,True,1114990,1070738,44252,6049,4096
Pheno4D,Maize,../data/pheno4d/Maize01/M01_0322.txt,../data/preprocessed/Pheno4D/Maize/M01_0322.npz,4096,M01,322.0,False,805391,775085,30306,4290,4096
Pheno4D,Maize,../data/pheno4d/Maize01/M01_0324_a.txt,../data/preprocessed/Pheno4D/Maize/M01_0324_a.npz,4096,M01,324.0,True,1214597,1175061,39536,4322,4096
Pheno4D,Maize,../data/pheno4d/Maize01/M01_0325_a.txt,../data/preprocessed/Pheno4D/Maize/M01_0325_a.npz,4096,M01,325.0,True,1407956,1357937,50019,4579,4096
Pheno4D,Maize,../data/pheno4d/Maize02/M02_0313_a.txt,../data/preprocessed/Pheno4D/Maize/M02_0313_a.npz,4096,M02,313.0,True,1729943,1658857,71086,14277,4096
Pheno4D,Maize,../data/pheno4d/Maize02/M02_0314.txt,../data/preprocessed/Pheno4D/Maize/M02_0314.npz,4096,M02,314.0,False,1432436,1378845,53591,15299,4096
Pheno4D,Maize,../data/pheno4d/Maize02/M02_0315_a.txt,../data/preprocessed/Pheno4D/Maize/M02_0315_a.npz,4096,M02,315.0,True,1441265,1380794,60471,13082,4096
Pheno4D,Maize,../data/pheno4d/Maize02/M02_0316.txt,../data/preprocessed/Pheno4D/Maize/M02_0316.npz,4096,M02,316.0,False,1407769,1351538,56231,12551,4096
Pheno4D,Maize,../data/pheno4d/Maize02/M02_0317_a.txt,../data/preprocessed/Pheno4D/Maize/M02_0317_a.npz,4096,M02,317.0,True,861631,823970,37661,9772,4096
Pheno4D,Maize,../data/pheno4d/Maize02/M02_0318.txt,../data/preprocessed/Pheno4D/Maize/M02_0318.npz,4096,M02,318.0,False,496132,477927,18205,4612,4096
Pheno4D,Maize,../data/pheno4d/Maize02/M02_0319_a.txt,../data/preprocessed/Pheno4D/Maize/M02_0319_a.npz,4096,M02,319.0,True,1133991,1095368,38623,6465,4096
Pheno4D,Maize,../data/pheno4d/Maize02/M02_0320.txt,../data/preprocessed/Pheno4D/Maize/M02_0320.npz,4096,M02,320.0,False,1117499,1073233,44266,5984,4096
Pheno4D,Maize,../data/pheno4d/Maize02/M02_0321_a.txt,../data/preprocessed/Pheno4D/Maize/M02_0321_a.npz,4096,M02,321.0,True,1444663,1393450,51213,6008,4096
Pheno4D,Maize,../data/pheno4d/Maize02/M02_0322.txt,../data/preprocessed/Pheno4D/Maize/M02_0322.npz,4096,M02,322.0,False,825218,793724,31494,4143,4096
Pheno4D,Maize,../data/pheno4d/Maize02/M02_0324_a.txt,../data/preprocessed/Pheno4D/Maize/M02_0324_a.npz,4096,M02,324.0,True,1311008,1262459,48549,5307,4096
Pheno4D,Maize,../data/pheno4d/Maize02/M02_0325_a.txt,../data/preprocessed/Pheno4D/Maize/M02_0325_a.npz,4096,M02,325.0,True,1671990,1614584,57406,4693,4096
Pheno4D,Maize,../data/pheno4d/Maize03/M03_0313_a.txt,../data/preprocessed/Pheno4D/Maize/M03_0313_a.npz,4096,M03,313.0,True,1300217,1253314,46903,15927,4096
Pheno4D,Maize,../data/pheno4d/Maize03/M03_0314.txt,../data/preprocessed/Pheno4D/Maize/M03_0314.npz,4096,M03,314.0,False,1490615,1443297,47318,16723,4096
Pheno4D,Maize,../data/pheno4d/Maize03/M03_0315_a.txt,../data/preprocessed/Pheno4D/Maize/M03_0315_a.npz,4096,M03,315.0,True,1649077,1585252,63825,14917,4096
Pheno4D,Maize,../data/pheno4d/Maize03/M03_0316.txt,../data/preprocessed/Pheno4D/Maize/M03_0316.npz,4096,M03,316.0,False,1175732,1129778,45954,14230,4096
Pheno4D,Maize,../data/pheno4d/Maize03/M03_0317_a.txt,../data/preprocessed/Pheno4D/Maize/M03_0317_a.npz,4096,M03,317.0,True,668618,640959,27659,12849,4096
Pheno4D,Maize,../data/pheno4d/Maize03/M03_0319_a.txt,../data/preprocessed/Pheno4D/Maize/M03_0319_a.npz,4096,M03,319.0,True,642081,616906,25175,7515,4096
Pheno4D,Maize,../data/pheno4d/Maize03/M03_0320.txt,../data/preprocessed/Pheno4D/Maize/M03_0320.npz,4096,M03,320.0,False,911965,875149,36816,6855,4096
Pheno4D,Maize,../data/pheno4d/Maize03/M03_0321_a.txt,../data/preprocessed/Pheno4D/Maize/M03_0321_a.npz,4096,M03,321.0,True,932736,892186,40550,6633,4096
Pheno4D,Maize,../data/pheno4d/Maize03/M03_0322.txt,../data/preprocessed/Pheno4D/Maize/M03_0322.npz,4096,M03,322.0,False,623026,599633,23393,599633,4096
Pheno4D,Maize,../data/pheno4d/Maize03/M03_0324_a.txt,../data/preprocessed/Pheno4D/Maize/M03_0324_a.npz,4096,M03,324.0,True,1180753,1140232,40521,4730,4096
Pheno4D,Maize,../data/pheno4d/Maize03/M03_0325_a.txt,../data/preprocessed/Pheno4D/Maize/M03_0325_a.npz,4096,M03,325.0,True,1059324,1019455,39869,1019455,4096
Pheno4D,Maize,../data/pheno4d/Maize04/M04_0313_a.txt,../data/preprocessed/Pheno4D/Maize/M04_0313_a.npz,4096,M04,313.0,True,1246633,1197558,49075,15185,4096
Pheno4D,Maize,../data/pheno4d/Maize04/M04_0314.txt,../data/preprocessed/Pheno4D/Maize/M04_0314.npz,4096,M04,314.0,False,937599,902099,35500,14963,4096
Pheno4D,Maize,../data/pheno4d/Maize04/M04_0315_a.txt,../data/preprocessed/Pheno4D/Maize/M04_0315_a.npz,4096,M04,315.0,True,1507771,1450744,57027,13796,4096
Pheno4D,Maize,../data/pheno4d/Maize04/M04_0316.txt,../data/preprocessed/Pheno4D/Maize/M04_0316.npz,4096,M04,316.0,False,1075895,1032224,43671,13442,4096
Pheno4D,Maize,../data/pheno4d/Maize04/M04_0317_a.txt,../data/preprocessed/Pheno4D/Maize/M04_0317_a.npz,4096,M04,317.0,True,723025,694071,28954,10942,4096
Pheno4D,Maize,../data/pheno4d/Maize04/M04_0318.txt,../data/preprocessed/Pheno4D/Maize/M04_0318.npz,4096,M04,318.0,False,403938,391678,12260,391678,4096
Pheno4D,Maize,../data/pheno4d/Maize04/M04_0319_a.txt,../data/preprocessed/Pheno4D/Maize/M04_0319_a.npz,4096,M04,319.0,True,933060,898074,34986,7251,4096
Pheno4D,Maize,../data/pheno4d/Maize04/M04_0320.txt,../data/preprocessed/Pheno4D/Maize/M04_0320.npz,4096,M04,320.0,False,889035,851541,37494,5797,4096
Pheno4D,Maize,../data/pheno4d/Maize04/M04_0321_a.txt,../data/preprocessed/Pheno4D/Maize/M04_0321_a.npz,4096,M04,321.0,True,955996,921665,34331,5827,4096
Pheno4D,Maize,../data/pheno4d/Maize04/M04_0322.txt,../data/preprocessed/Pheno4D/Maize/M04_0322.npz,4096,M04,322.0,False,943316,899896,43420,899896,4096
Pheno4D,Maize,../data/pheno4d/Maize04/M04_0324_a.txt,../data/preprocessed/Pheno4D/Maize/M04_0324_a.npz,4096,M04,324.0,True,1424892,1373401,51491,5783,4096
Pheno4D,Maize,../data/pheno4d/Maize04/M04_0325_a.txt,../data/preprocessed/Pheno4D/Maize/M04_0325_a.npz,4096,M04,325.0,True,2113422,2032426,80996,5604,4096
Pheno4D,Maize,../data/pheno4d/Maize05/M05_0313_a.txt,../data/preprocessed/Pheno4D/Maize/M05_0313_a.npz,4096,M05,313.0,True,1865929,1787686,78243,15535,4096
Pheno4D,Maize,../data/pheno4d/Maize05/M05_0314.txt,../data/preprocessed/Pheno4D/Maize/M05_0314.npz,4096,M05,314.0,False,1873556,1802247,71309,20362,4096
Pheno4D,Maize,../data/pheno4d/Maize05/M05_0315_a.txt,../data/preprocessed/Pheno4D/Maize/M05_0315_a.npz,4096,M05,315.0,True,1948620,1874514,74106,15280,4096
Pheno4D,Maize,../data/pheno4d/Maize05/M05_0316.txt,../data/preprocessed/Pheno4D/Maize/M05_0316.npz,4096,M05,316.0,False,1328413,1277661,50752,16860,4096
Pheno4D,Maize,../data/pheno4d/Maize05/M05_0317_a.txt,../data/preprocessed/Pheno4D/Maize/M05_0317_a.npz,4096,M05,317.0,True,727870,700450,27420,14410,4096
Pheno4D,Maize,../data/pheno4d/Maize05/M05_0318.txt,../data/preprocessed/Pheno4D/Maize/M05_0318.npz,4096,M05,318.0,False,465873,446591,19282,10627,4096
Pheno4D,Maize,../data/pheno4d/Maize05/M05_0319_a.txt,../data/preprocessed/Pheno4D/Maize/M05_0319_a.npz,4096,M05,319.0,True,659856,636183,23673,10577,4096
Pheno4D,Maize,../data/pheno4d/Maize05/M05_0320.txt,../data/preprocessed/Pheno4D/Maize/M05_0320.npz,4096,M05,320.0,False,567138,539155,27983,8022,4096
Pheno4D,Maize,../data/pheno4d/Maize05/M05_0321_a.txt,../data/preprocessed/Pheno4D/Maize/M05_0321_a.npz,4096,M05,321.0,True,658827,632837,25990,10788,4096
Pheno4D,Maize,../data/pheno4d/Maize05/M05_0322.txt,../data/preprocessed/Pheno4D/Maize/M05_0322.npz,4096,M05,322.0,False,585356,551953,33403,6222,4096
Pheno4D,Maize,../data/pheno4d/Maize05/M05_0324_a.txt,../data/preprocessed/Pheno4D/Maize/M05_0324_a.npz,4096,M05,324.0,True,1172940,1127008,45932,6886,4096
Pheno4D,Maize,../data/pheno4d/Maize05/M05_0325_a.txt,../data/preprocessed/Pheno4D/Maize/M05_0325_a.npz,4096,M05,325.0,True,1025838,983192,42646,6586,4096
Pheno4D,Maize,../data/pheno4d/Maize06/M06_0313_a.txt,../data/preprocessed/Pheno4D/Maize/M06_0313_a.npz,4096,M06,313.0,True,1448529,1385724,62805,13669,4096
Pheno4D,Maize,../data/pheno4d/Maize06/M06_0314.txt,../data/preprocessed/Pheno4D/Maize/M06_0314.npz,4096,M06,314.0,False,2245774,2164602,81172,19135,4096
Pheno4D,Maize,../data/pheno4d/Maize06/M06_0315_a.txt,../data/preprocessed/Pheno4D/Maize/M06_0315_a.npz,4096,M06,315.0,True,1678327,1615776,62551,16098,4096
Pheno4D,Maize,../data/pheno4d/Maize06/M06_0316.txt,../data/preprocessed/Pheno4D/Maize/M06_0316.npz,4096,M06,316.0,False,842632,809194,33438,13267,4096
Pheno4D,Maize,../data/pheno4d/Maize06/M06_0317_a.txt,../data/preprocessed/Pheno4D/Maize/M06_0317_a.npz,4096,M06,317.0,True,672008,644147,27861,11381,4096
Pheno4D,Maize,../data/pheno4d/Maize06/M06_0318.txt,../data/preprocessed/Pheno4D/Maize/M06_0318.npz,4096,M06,318.0,False,746844,711272,35572,6747,4096
Pheno4D,Maize,../data/pheno4d/Maize06/M06_0319_a.txt,../data/preprocessed/Pheno4D/Maize/M06_0319_a.npz,4096,M06,319.0,True,652803,622148,30655,5822,4096
Pheno4D,Maize,../data/pheno4d/Maize06/M06_0320.txt,../data/preprocessed/Pheno4D/Maize/M06_0320.npz,4096,M06,320.0,False,899413,858862,40551,4685,4096
Pheno4D,Maize,../data/pheno4d/Maize06/M06_0321_a.txt,../data/preprocessed/Pheno4D/Maize/M06_0321_a.npz,4096,M06,321.0,True,921660,883911,37749,6124,4096
Pheno4D,Maize,../data/pheno4d/Maize06/M06_0322.txt,../data/preprocessed/Pheno4D/Maize/M06_0322.npz,4096,M06,322.0,False,688301,661205,27096,661205,4096
Pheno4D,Maize,../data/pheno4d/Maize06/M06_0324_a.txt,../data/preprocessed/Pheno4D/Maize/M06_0324_a.npz,4096,M06,324.0,True,1108459,1061991,46468,5053,4096
Pheno4D,Maize,../data/pheno4d/Maize06/M06_0325_a.txt,../data/preprocessed/Pheno4D/Maize/M06_0325_a.npz,4096,M06,325.0,True,830456,795410,35046,4769,4096
Pheno4D,Maize,../data/pheno4d/Maize07/M07_0313_a.txt,../data/preprocessed/Pheno4D/Maize/M07_0313_a.npz,4096,M07,313.0,True,1568143,1511534,56609,16658,4096
Pheno4D,Maize,../data/pheno4d/Maize07/M07_0314.txt,../data/preprocessed/Pheno4D/Maize/M07_0314.npz,4096,M07,314.0,False,1350651,1299940,50711,14665,4096
Pheno4D,Maize,../data/pheno4d/Maize07/M07_0315_a.txt,../data/preprocessed/Pheno4D/Maize/M07_0315_a.npz,4096,M07,315.0,True,1465342,1408278,57064,12927,4096
Pheno4D,Maize,../data/pheno4d/Maize07/M07_0316.txt,../data/preprocessed/Pheno4D/Maize/M07_0316.npz,4096,M07,316.0,False,1299126,1240278,58848,13744,4096
Pheno4D,Maize,../data/pheno4d/Maize07/M07_0317_a.txt,../data/preprocessed/Pheno4D/Maize/M07_0317_a.npz,4096,M07,317.0,True,708192,679221,28971,9639,4096
Pheno4D,Maize,../data/pheno4d/Maize07/M07_0318.txt,../data/preprocessed/Pheno4D/Maize/M07_0318.npz,4096,M07,318.0,False,606826,580228,26598,580228,4096
Pheno4D,Maize,../data/pheno4d/Maize07/M07_0319_a.txt,../data/preprocessed/Pheno4D/Maize/M07_0319_a.npz,4096,M07,319.0,True,852409,815344,37065,6761,4096
Pheno4D,Maize,../data/pheno4d/Maize07/M07_0320.txt,../data/preprocessed/Pheno4D/Maize/M07_0320.npz,4096,M07,320.0,False,974427,935913,38514,4176,4096
Pheno4D,Maize,../data/pheno4d/Maize07/M07_0321_a.txt,../data/preprocessed/Pheno4D/Maize/M07_0321_a.npz,4096,M07,321.0,True,1133557,1086948,46609,5174,4096
Pheno4D,Maize,../data/pheno4d/Maize07/M07_0322.txt,../data/preprocessed/Pheno4D/Maize/M07_0322.npz,4096,M07,322.0,False,1395651,1340923,54728,1340923,4096
Pheno4D,Maize,../data/pheno4d/Maize07/M07_0324_a.txt,../data/preprocessed/Pheno4D/Maize/M07_0324_a.npz,4096,M07,324.0,True,1308211,1258940,49271,4585,4096
Pheno4D,Maize,../data/pheno4d/Maize07/M07_0325_a.txt,../data/preprocessed/Pheno4D/Maize/M07_0325_a.npz,4096,M07,325.0,True,1214597,1169686,44911,4268,4096
Pheno4D,Tomato,../data/pheno4d/Tomato01/T01_0305_a.txt,../data/preprocessed/Pheno4D/Tomato/T01_0305_a.npz,4096,T01,305.0,True,1962709,1901769,60940,19896,4096
Pheno4D,Tomato,../data/pheno4d/Tomato01/T01_0306.txt,../data/preprocessed/Pheno4D/Tomato/T01_0306.npz,4096,T01,306.0,False,2333758,2249667,84091,21502,4096
Pheno4D,Tomato,../data/pheno4d/Tomato01/T01_0307_a.txt,../data/preprocessed/Pheno4D/Tomato/T01_0307_a.npz,4096,T01,307.0,True,1921834,1848347,73487,18772,4096
Pheno4D,Tomato,../data/pheno4d/Tomato01/T01_0308.txt,../data/preprocessed/Pheno4D/Tomato/T01_0308.npz,4096,T01,308.0,False,2235404,2156832,78572,21507,4096
Pheno4D,Tomato,../data/pheno4d/Tomato01/T01_0309_a.txt,../data/preprocessed/Pheno4D/Tomato/T01_0309_a.npz,4096,T01,309.0,True,2177884,2097164,80720,17040,4096
Pheno4D,Tomato,../data/pheno4d/Tomato01/T01_0310.txt,../data/preprocessed/Pheno4D/Tomato/T01_0310.npz,4096,T01,310.0,False,2021358,1952174,69184,22697,4096
Pheno4D,Tomato,../data/pheno4d/Tomato01/T01_0311_a.txt,../data/preprocessed/Pheno4D/Tomato/T01_0311_a.npz,4096,T01,311.0,True,2080173,2004600,75573,17498,4096
Pheno4D,Tomato,../data/pheno4d/Tomato01/T01_0312.txt,../data/preprocessed/Pheno4D/Tomato/T01_0312.npz,4096,T01,312.0,False,2364898,2272997,91901,21901,4096
Pheno4D,Tomato,../data/pheno4d/Tomato01/T01_0313_a.txt,../data/preprocessed/Pheno4D/Tomato/T01_0313_a.npz,4096,T01,313.0,True,1924288,1845512,78776,19140,4096
Pheno4D,Tomato,../data/pheno4d/Tomato01/T01_0314.txt,../data/preprocessed/Pheno4D/Tomato/T01_0314.npz,4096,T01,314.0,False,2590126,2491713,98413,21071,4096
Pheno4D,Tomato,../data/pheno4d/Tomato01/T01_0315_a.txt,../data/preprocessed/Pheno4D/Tomato/T01_0315_a.npz,4096,T01,315.0,True,2438364,2339336,99028,19365,4096
Pheno4D,Tomato,../data/pheno4d/Tomato01/T01_0316.txt,../data/preprocessed/Pheno4D/Tomato/T01_0316.npz,4096,T01,316.0,False,2338321,2247503,90818,19088,4096
Pheno4D,Tomato,../data/pheno4d/Tomato01/T01_0317_a.txt,../data/preprocessed/Pheno4D/Tomato/T01_0317_a.npz,4096,T01,317.0,True,2450405,2348558,101847,16085,4096
Pheno4D,Tomato,../data/pheno4d/Tomato01/T01_0318.txt,../data/preprocessed/Pheno4D/Tomato/T01_0318.npz,4096,T01,318.0,False,3315180,3191962,123218,20829,4096
Pheno4D,Tomato,../data/pheno4d/Tomato01/T01_0319_a.txt,../data/preprocessed/Pheno4D/Tomato/T01_0319_a.npz,4096,T01,319.0,True,2476596,2379818,96778,17142,4096
Pheno4D,Tomato,../data/pheno4d/Tomato01/T01_0320.txt,../data/preprocessed/Pheno4D/Tomato/T01_0320.npz,4096,T01,320.0,False,2049497,1975920,73577,18860,4096
Pheno4D,Tomato,../data/pheno4d/Tomato01/T01_0321_a.txt,../data/preprocessed/Pheno4D/Tomato/T01_0321_a.npz,4096,T01,321.0,True,1672545,1618960,53585,18104,4096
Pheno4D,Tomato,../data/pheno4d/Tomato01/T01_0322.txt,../data/preprocessed/Pheno4D/Tomato/T01_0322.npz,4096,T01,322.0,False,3549532,3428323,121209,19722,4096
Pheno4D,Tomato,../data/pheno4d/Tomato01/T01_0324_a.txt,../data/preprocessed/Pheno4D/Tomato/T01_0324_a.npz,4096,T01,324.0,True,2932759,2836742,96017,15802,4096
Pheno4D,Tomato,../data/pheno4d/Tomato01/T01_0325_a.txt,../data/preprocessed/Pheno4D/Tomato/T01_0325_a.npz,4096,T01,325.0,True,3011661,2908247,103414,16198,4096
Pheno4D,Tomato,../data/pheno4d/Tomato02/T02_0305_a.txt,../data/preprocessed/Pheno4D/Tomato/T02_0305_a.npz,4096,T02,305.0,True,1518307,1456203,62104,20255,4096
Pheno4D,Tomato,../data/pheno4d/Tomato02/T02_0306.txt,../data/preprocessed/Pheno4D/Tomato/T02_0306.npz,4096,T02,306.0,False,2123798,2040017,83781,17525,4096
Pheno4D,Tomato,../data/pheno4d/Tomato02/T02_0307_a.txt,../data/preprocessed/Pheno4D/Tomato/T02_0307_a.npz,4096,T02,307.0,True,2660027,2566481,93546,21165,4096
Pheno4D,Tomato,../data/pheno4d/Tomato02/T02_0308.txt,../data/preprocessed/Pheno4D/Tomato/T02_0308.npz,4096,T02,308.0,False,2489847,2411562,78285,19706,4096
Pheno4D,Tomato,../data/pheno4d/Tomato02/T02_0309_a.txt,../data/preprocessed/Pheno4D/Tomato/T02_0309_a.npz,4096,T02,309.0,True,2530683,2428315,102368,16646,4096
Pheno4D,Tomato,../data/pheno4d/Tomato02/T02_0310.txt,../data/preprocessed/Pheno4D/Tomato/T02_0310.npz,4096,T02,310.0,False,2522145,2439076,83069,21081,4096
Pheno4D,Tomato,../data/pheno4d/Tomato02/T02_0311_a.txt,../data/preprocessed/Pheno4D/Tomato/T02_0311_a.npz,4096,T02,311.0,True,2801320,2699448,101872,20376,4096
Pheno4D,Tomato,../data/pheno4d/Tomato02/T02_0312.txt,../data/preprocessed/Pheno4D/Tomato/T02_0312.npz,4096,T02,312.0,False,1893636,1825508,68128,22349,4096
Pheno4D,Tomato,../data/pheno4d/Tomato02/T02_0313_a.txt,../data/preprocessed/Pheno4D/Tomato/T02_0313_a.npz,4096,T02,313.0,True,3583327,3444182,139145,21529,4096
Pheno4D,Tomato,../data/pheno4d/Tomato02/T02_0314.txt,../data/preprocessed/Pheno4D/Tomato/T02_0314.npz,4096,T02,314.0,False,2498242,2412321,85921,21916,4096
Pheno4D,Tomato,../data/pheno4d/Tomato02/T02_0315_a.txt,../data/preprocessed/Pheno4D/Tomato/T02_0315_a.npz,4096,T02,315.0,True,2136519,2047423,89096,19701,4096
Pheno4D,Tomato,../data/pheno4d/Tomato02/T02_0316.txt,../data/preprocessed/Pheno4D/Tomato/T02_0316.npz,4096,T02,316.0,False,1971875,1893990,77885,21381,4096
Pheno4D,Tomato,../data/pheno4d/Tomato02/T02_0317_a.txt,../data/preprocessed/Pheno4D/Tomato/T02_0317_a.npz,4096,T02,317.0,True,2842484,2713476,129008,20377,4096
Pheno4D,Tomato,../data/pheno4d/Tomato02/T02_0318.txt,../data/preprocessed/Pheno4D/Tomato/T02_0318.npz,4096,T02,318.0,False,3396696,3250158,146538,22822,4096
Pheno4D,Tomato,../data/pheno4d/Tomato02/T02_0319_a.txt,../data/preprocessed/Pheno4D/Tomato/T02_0319_a.npz,4096,T02,319.0,True,1542285,1477498,64787,15661,4096
Pheno4D,Tomato,../data/pheno4d/Tomato02/T02_0320.txt,../data/preprocessed/Pheno4D/Tomato/T02_0320.npz,4096,T02,320.0,False,2133645,2047222,86423,17612,4096
Pheno4D,Tomato,../data/pheno4d/Tomato02/T02_0321_a.txt,../data/preprocessed/Pheno4D/Tomato/T02_0321_a.npz,4096,T02,321.0,True,1774166,1719192,54974,16288,4096
Pheno4D,Tomato,../data/pheno4d/Tomato02/T02_0322.txt,../data/preprocessed/Pheno4D/Tomato/T02_0322.npz,4096,T02,322.0,False,2735081,2624916,110165,18247,4096
Pheno4D,Tomato,../data/pheno4d/Tomato02/T02_0324_a.txt,../data/preprocessed/Pheno4D/Tomato/T02_0324_a.npz,4096,T02,324.0,True,3311762,3195449,116313,19273,4096
Pheno4D,Tomato,../data/pheno4d/Tomato02/T02_0325_a.txt,../data/preprocessed/Pheno4D/Tomato/T02_0325_a.npz,4096,T02,325.0,True,3455376,3330829,124547,17914,4096
Pheno4D,Tomato,../data/pheno4d/Tomato03/T03_0305_a.txt,../data/preprocessed/Pheno4D/Tomato/T03_0305_a.npz,4096,T03,305.0,True,2024746,1955395,69351,19307,4096
Pheno4D,Tomato,../data/pheno4d/Tomato03/T03_0306.txt,../data/preprocessed/Pheno4D/Tomato/T03_0306.npz,4096,T03,306.0,False,2457729,2368027,89702,18163,4096
Pheno4D,Tomato,../data/pheno4d/Tomato03/T03_0307_a.txt,../data/preprocessed/Pheno4D/Tomato/T03_0307_a.npz,4096,T03,307.0,True,2673752,2636869,36883,20356,4096
Pheno4D,Tomato,../data/pheno4d/Tomato03/T03_0308.txt,../data/preprocessed/Pheno4D/Tomato/T03_0308.npz,4096,T03,308.0,False,2299721,2218880,80841,21130,4096
Pheno4D,Tomato,../data/pheno4d/Tomato03/T03_0309_a.txt,../data/preprocessed/Pheno4D/Tomato/T03_0309_a.npz,4096,T03,309.0,True,2412331,2313236,99095,19241,4096
Pheno4D,Tomato,../data/pheno4d/Tomato03/T03_0310.txt,../data/preprocessed/Pheno4D/Tomato/T03_0310.npz,4096,T03,310.0,False,2389863,2295679,94184,19696,4096
Pheno4D,Tomato,../data/pheno4d/Tomato03/T03_0311_a.txt,../data/preprocessed/Pheno4D/Tomato/T03_0311_a.npz,4096,T03,311.0,True,2386657,2292711,93946,18656,4096
Pheno4D,Tomato,../data/pheno4d/Tomato03/T03_0312.txt,../data/preprocessed/Pheno4D/Tomato/T03_0312.npz,4096,T03,312.0,False,1996780,1927253,69527,19726,4096
Pheno4D,Tomato,../data/pheno4d/Tomato03/T03_0313_a.txt,../data/preprocessed/Pheno4D/Tomato/T03_0313_a.npz,4096,T03,313.0,True,2166698,2084303,82395,18790,4096
Pheno4D,Tomato,../data/pheno4d/Tomato03/T03_0314.txt,../data/preprocessed/Pheno4D/Tomato/T03_0314.npz,4096,T03,314.0,False,2267503,2176057,91446,21739,4096
Pheno4D,Tomato,../data/pheno4d/Tomato03/T03_0315_a.txt,../data/preprocessed/Pheno4D/Tomato/T03_0315_a.npz,4096,T03,315.0,True,2269652,2174161,95491,19373,4096
Pheno4D,Tomato,../data/pheno4d/Tomato03/T03_0316.txt,../data/preprocessed/Pheno4D/Tomato/T03_0316.npz,4096,T03,316.0,False,1667946,1599804,68142,18118,4096
Pheno4D,Tomato,../data/pheno4d/Tomato03/T03_0317_a.txt,../data/preprocessed/Pheno4D/Tomato/T03_0317_a.npz,4096,T03,317.0,True,2403404,2297719,105685,15247,4096
Pheno4D,Tomato,../data/pheno4d/Tomato03/T03_0318.txt,../data/preprocessed/Pheno4D/Tomato/T03_0318.npz,4096,T03,318.0,False,1628528,1560968,67560,17049,4096
Pheno4D,Tomato,../data/pheno4d/Tomato03/T03_0319_a.txt,../data/preprocessed/Pheno4D/Tomato/T03_0319_a.npz,4096,T03,319.0,True,1903782,1833256,70526,15985,4096
Pheno4D,Tomato,../data/pheno4d/Tomato03/T03_0320.txt,../data/preprocessed/Pheno4D/Tomato/T03_0320.npz,4096,T03,320.0,False,1889877,1823873,66004,16687,4096
Pheno4D,Tomato,../data/pheno4d/Tomato03/T03_0321_a.txt,../data/preprocessed/Pheno4D/Tomato/T03_0321_a.npz,4096,T03,321.0,True,1899495,1833766,65729,13079,4096
Pheno4D,Tomato,../data/pheno4d/Tomato03/T03_0322.txt,../data/preprocessed/Pheno4D/Tomato/T03_0322.npz,4096,T03,322.0,False,2884319,2776567,107752,16142,4096
Pheno4D,Tomato,../data/pheno4d/Tomato03/T03_0324_a.txt,../data/preprocessed/Pheno4D/Tomato/T03_0324_a.npz,4096,T03,324.0,True,4502437,4343394,159043,17339,4096
Pheno4D,Tomato,../data/pheno4d/Tomato03/T03_0325_a.txt,../data/preprocessed/Pheno4D/Tomato/T03_0325_a.npz,4096,T03,325.0,True,4146489,4000118,146371,15819,4096
Pheno4D,Tomato,../data/pheno4d/Tomato04/T04_0305_a.txt,../data/preprocessed/Pheno4D/Tomato/T04_0305_a.npz,4096,T04,305.0,True,1813293,1747018,66275,18762,4096
Pheno4D,Tomato,../data/pheno4d/Tomato04/T04_0306.txt,../data/preprocessed/Pheno4D/Tomato/T04_0306.npz,4096,T04,306.0,False,2491347,2398386,92961,16833,4096
Pheno4D,Tomato,../data/pheno4d/Tomato04/T04_0307_a.txt,../data/preprocessed/Pheno4D/Tomato/T04_0307_a.npz,4096,T04,307.0,True,3343187,3292020,51167,23414,4096
Pheno4D,Tomato,../data/pheno4d/Tomato04/T04_0308.txt,../data/preprocessed/Pheno4D/Tomato/T04_0308.npz,4096,T04,308.0,False,1856194,1780806,75388,15016,4096
Pheno4D,Tomato,../data/pheno4d/Tomato04/T04_0309_a.txt,../data/preprocessed/Pheno4D/Tomato/T04_0309_a.npz,4096,T04,309.0,True,2297741,2206280,91461,14329,4096
Pheno4D,Tomato,../data/pheno4d/Tomato04/T04_0310.txt,../data/preprocessed/Pheno4D/Tomato/T04_0310.npz,4096,T04,310.0,False,1960647,1882828,77819,16632,4096
Pheno4D,Tomato,../data/pheno4d/Tomato04/T04_0311_a.txt,../data/preprocessed/Pheno4D/Tomato/T04_0311_a.npz,4096,T04,311.0,True,2003117,1923592,79525,16259,4096
Pheno4D,Tomato,../data/pheno4d/Tomato04/T04_0312.txt,../data/preprocessed/Pheno4D/Tomato/T04_0312.npz,4096,T04,312.0,False,1923093,1850402,72691,19371,4096
Pheno4D,Tomato,../data/pheno4d/Tomato04/T04_0313_a.txt,../data/preprocessed/Pheno4D/Tomato/T04_0313_a.npz,4096,T04,313.0,True,3593893,3494335,99558,19408,4096
Pheno4D,Tomato,../data/pheno4d/Tomato04/T04_0314.txt,../data/preprocessed/Pheno4D/Tomato/T04_0314.npz,4096,T04,314.0,False,2099076,2021948,77128,21020,4096
Pheno4D,Tomato,../data/pheno4d/Tomato04/T04_0315_a.txt,../data/preprocessed/Pheno4D/Tomato/T04_0315_a.npz,4096,T04,315.0,True,2154627,2061473,93154,18770,4096
Pheno4D,Tomato,../data/pheno4d/Tomato04/T04_0316.txt,../data/preprocessed/Pheno4D/Tomato/T04_0316.npz,4096,T04,316.0,False,2040786,1950645,90141,19101,4096
Pheno4D,Tomato,../data/pheno4d/Tomato04/T04_0317_a.txt,../data/preprocessed/Pheno4D/Tomato/T04_0317_a.npz,4096,T04,317.0,True,2083265,2004478,78787,18993,4096
Pheno4D,Tomato,../data/pheno4d/Tomato04/T04_0318.txt,../data/preprocessed/Pheno4D/Tomato/T04_0318.npz,4096,T04,318.0,False,2151284,2062835,88449,19908,4096
Pheno4D,Tomato,../data/pheno4d/Tomato04/T04_0319_a.txt,../data/preprocessed/Pheno4D/Tomato/T04_0319_a.npz,4096,T04,319.0,True,1499710,1441806,57904,17161,4096
Pheno4D,Tomato,../data/pheno4d/Tomato04/T04_0320.txt,../data/preprocessed/Pheno4D/Tomato/T04_0320.npz,4096,T04,320.0,False,2287063,2207220,79843,25180,4096
Pheno4D,Tomato,../data/pheno4d/Tomato04/T04_0321_a.txt,../data/preprocessed/Pheno4D/Tomato/T04_0321_a.npz,4096,T04,321.0,True,1723118,1656147,66971,18500,4096
Pheno4D,Tomato,../data/pheno4d/Tomato04/T04_0322.txt,../data/preprocessed/Pheno4D/Tomato/T04_0322.npz,4096,T04,322.0,False,2619417,2535245,84172,18729,4096
Pheno4D,Tomato,../data/pheno4d/Tomato04/T04_0324_a.txt,../data/preprocessed/Pheno4D/Tomato/T04_0324_a.npz,4096,T04,324.0,True,4049020,3920686,128334,21647,4096
Pheno4D,Tomato,../data/pheno4d/Tomato04/T04_0325_a.txt,../data/preprocessed/Pheno4D/Tomato/T04_0325_a.npz,4096,T04,325.0,True,3426328,3322229,104099,16499,4096
Pheno4D,Tomato,../data/pheno4d/Tomato05/T05_0305_a.txt,../data/preprocessed/Pheno4D/Tomato/T05_0305_a.npz,4096,T05,305.0,True,2016700,1950169,66531,19039,4096
Pheno4D,Tomato,../data/pheno4d/Tomato05/T05_0306.txt,../data/preprocessed/Pheno4D/Tomato/T05_0306.npz,4096,T05,306.0,False,2558807,2463788,95019,18665,4096
Pheno4D,Tomato,../data/pheno4d/Tomato05/T05_0307_a.txt,../data/preprocessed/Pheno4D/Tomato/T05_0307_a.npz,4096,T05,307.0,True,3327492,3218154,109338,19361,4096
Pheno4D,Tomato,../data/pheno4d/Tomato05/T05_0308.txt,../data/preprocessed/Pheno4D/Tomato/T05_0308.npz,4096,T05,308.0,False,2419573,2330765,88808,17851,4096
Pheno4D,Tomato,../data/pheno4d/Tomato05/T05_0309_a.txt,../data/preprocessed/Pheno4D/Tomato/T05_0309_a.npz,4096,T05,309.0,True,2816615,2712629,103986,18780,4096
Pheno4D,Tomato,../data/pheno4d/Tomato05/T05_0310.txt,../data/preprocessed/Pheno4D/Tomato/T05_0310.npz,4096,T05,310.0,False,2460256,2369642,90614,19085,4096
Pheno4D,Tomato,../data/pheno4d/Tomato05/T05_0311_a.txt,../data/preprocessed/Pheno4D/Tomato/T05_0311_a.npz,4096,T05,311.0,True,2515717,2409609,106108,17816,4096
Pheno4D,Tomato,../data/pheno4d/Tomato05/T05_0312.txt,../data/preprocessed/Pheno4D/Tomato/T05_0312.npz,4096,T05,312.0,False,2586076,2483601,102475,22123,4096
Pheno4D,Tomato,../data/pheno4d/Tomato05/T05_0313_a.txt,../data/preprocessed/Pheno4D/Tomato/T05_0313_a.npz,4096,T05,313.0,True,2255599,2158048,97551,17974,4096
Pheno4D,Tomato,../data/pheno4d/Tomato05/T05_0314.txt,../data/preprocessed/Pheno4D/Tomato/T05_0314.npz,4096,T05,314.0,False,2148880,2057787,91093,17994,4096
Pheno4D,Tomato,../data/pheno4d/Tomato05/T05_0315_a.txt,../data/preprocessed/Pheno4D/Tomato/T05_0315_a.npz,4096,T05,315.0,True,2191286,2097085,94201,15598,4096
Pheno4D,Tomato,../data/pheno4d/Tomato05/T05_0316.txt,../data/preprocessed/Pheno4D/Tomato/T05_0316.npz,4096,T05,316.0,False,2166174,2079773,86401,17698,4096
Pheno4D,Tomato,../data/pheno4d/Tomato05/T05_0317_a.txt,../data/preprocessed/Pheno4D/Tomato/T05_0317_a.npz,4096,T05,317.0,True,2611675,2507242,104433,17203,4096
Pheno4D,Tomato,../data/pheno4d/Tomato05/T05_0318.txt,../data/preprocessed/Pheno4D/Tomato/T05_0318.npz,4096,T05,318.0,False,2145034,2064218,80816,17707,4096
Pheno4D,Tomato,../data/pheno4d/Tomato05/T05_0319_a.txt,../data/preprocessed/Pheno4D/Tomato/T05_0319_a.npz,4096,T05,319.0,True,2057554,1987710,69844,13883,4096
Pheno4D,Tomato,../data/pheno4d/Tomato05/T05_0320.txt,../data/preprocessed/Pheno4D/Tomato/T05_0320.npz,4096,T05,320.0,False,2469853,2390043,79810,16993,4096
Pheno4D,Tomato,../data/pheno4d/Tomato05/T05_0321_a.txt,../data/preprocessed/Pheno4D/Tomato/T05_0321_a.npz,4096,T05,321.0,True,2319345,2231658,87687,14322,4096
Pheno4D,Tomato,../data/pheno4d/Tomato05/T05_0322.txt,../data/preprocessed/Pheno4D/Tomato/T05_0322.npz,4096,T05,322.0,False,2474549,2387911,86638,15578,4096
Pheno4D,Tomato,../data/pheno4d/Tomato05/T05_0324_a.txt,../data/preprocessed/Pheno4D/Tomato/T05_0324_a.npz,4096,T05,324.0,True,3877484,3752100,125384,13898,4096
Pheno4D,Tomato,../data/pheno4d/Tomato05/T05_0325_a.txt,../data/preprocessed/Pheno4D/Tomato/T05_0325_a.npz,4096,T05,325.0,True,4498453,4354385,144068,14755,4096
Pheno4D,Tomato,../data/pheno4d/Tomato06/T06_0305_a.txt,../data/preprocessed/Pheno4D/Tomato/T06_0305_a.npz,4096,T06,305.0,True,2237837,2160506,77331,18093,4096
Pheno4D,Tomato,../data/pheno4d/Tomato06/T06_0306.txt,../data/preprocessed/Pheno4D/Tomato/T06_0306.npz,4096,T06,306.0,False,2563555,2480266,83289,17129,4096
Pheno4D,Tomato,../data/pheno4d/Tomato06/T06_0307_a.txt,../data/preprocessed/Pheno4D/Tomato/T06_0307_a.npz,4096,T06,307.0,True,2746808,2647455,99353,17972,4096
Pheno4D,Tomato,../data/pheno4d/Tomato06/T06_0308.txt,../data/preprocessed/Pheno4D/Tomato/T06_0308.npz,4096,T06,308.0,False,2502304,2414336,87968,18377,4096
Pheno4D,Tomato,../data/pheno4d/Tomato06/T06_0309_a.txt,../data/preprocessed/Pheno4D/Tomato/T06_0309_a.npz,4096,T06,309.0,True,1995551,1927698,67853,19069,4096
Pheno4D,Tomato,../data/pheno4d/Tomato06/T06_0310.txt,../data/preprocessed/Pheno4D/Tomato/T06_0310.npz,4096,T06,310.0,False,2307607,2232634,74973,17263,4096
Pheno4D,Tomato,../data/pheno4d/Tomato06/T06_0311_a.txt,../data/preprocessed/Pheno4D/Tomato/T06_0311_a.npz,4096,T06,311.0,True,1993346,1921613,71733,17389,4096
Pheno4D,Tomato,../data/pheno4d/Tomato06/T06_0312.txt,../data/preprocessed/Pheno4D/Tomato/T06_0312.npz,4096,T06,312.0,False,2245004,2172472,72532,20332,4096
Pheno4D,Tomato,../data/pheno4d/Tomato06/T06_0313_a.txt,../data/preprocessed/Pheno4D/Tomato/T06_0313_a.npz,4096,T06,313.0,True,4278147,4112961,165186,21253,4096
Pheno4D,Tomato,../data/pheno4d/Tomato06/T06_0314.txt,../data/preprocessed/Pheno4D/Tomato/T06_0314.npz,4096,T06,314.0,False,2537335,2441444,95891,21081,4096
Pheno4D,Tomato,../data/pheno4d/Tomato06/T06_0315_a.txt,../data/preprocessed/Pheno4D/Tomato/T06_0315_a.npz,4096,T06,315.0,True,1855157,1778965,76192,16749,4096
Pheno4D,Tomato,../data/pheno4d/Tomato06/T06_0316.txt,../data/preprocessed/Pheno4D/Tomato/T06_0316.npz,4096,T06,316.0,False,2315970,2216987,98983,18771,4096
Pheno4D,Tomato,../data/pheno4d/Tomato06/T06_0317_a.txt,../data/preprocessed/Pheno4D/Tomato/T06_0317_a.npz,4096,T06,317.0,True,1803032,1729653,73379,14953,4096
Pheno4D,Tomato,../data/pheno4d/Tomato06/T06_0318.txt,../data/preprocessed/Pheno4D/Tomato/T06_0318.npz,4096,T06,318.0,False,2300132,2202885,97247,19668,4096
Pheno4D,Tomato,../data/pheno4d/Tomato06/T06_0319_a.txt,../data/preprocessed/Pheno4D/Tomato/T06_0319_a.npz,4096,T06,319.0,True,1798015,1731423,66592,12857,4096
Pheno4D,Tomato,../data/pheno4d/Tomato06/T06_0320.txt,../data/preprocessed/Pheno4D/Tomato/T06_0320.npz,4096,T06,320.0,False,1739445,1675941,63504,17131,4096
Pheno4D,Tomato,../data/pheno4d/Tomato06/T06_0321_a.txt,../data/preprocessed/Pheno4D/Tomato/T06_0321_a.npz,4096,T06,321.0,True,1901851,1845293,56558,15711,4096
Pheno4D,Tomato,../data/pheno4d/Tomato06/T06_0322.txt,../data/preprocessed/Pheno4D/Tomato/T06_0322.npz,4096,T06,322.0,False,1826183,1754044,72139,15467,4096
Pheno4D,Tomato,../data/pheno4d/Tomato06/T06_0324_a.txt,../data/preprocessed/Pheno4D/Tomato/T06_0324_a.npz,4096,T06,324.0,True,3386930,3278843,108087,16064,4096
Pheno4D,Tomato,../data/pheno4d/Tomato06/T06_0325_a.txt,../data/preprocessed/Pheno4D/Tomato/T06_0325_a.npz,4096,T06,325.0,True,2776058,2668845,107213,16751,4096
Pheno4D,Tomato,../data/pheno4d/Tomato07/T07_0305_a.txt,../data/preprocessed/Pheno4D/Tomato/T07_0305_a.npz,4096,T07,305.0,True,2515450,2409458,105992,20299,4096
Pheno4D,Tomato,../data/pheno4d/Tomato07/T07_0306.txt,../data/preprocessed/Pheno4D/Tomato/T07_0306.npz,4096,T07,306.0,False,3496633,3381014,115619,19916,4096
Pheno4D,Tomato,../data/pheno4d/Tomato07/T07_0307_a.txt,../data/preprocessed/Pheno4D/Tomato/T07_0307_a.npz,4096,T07,307.0,True,2650504,2560822,89682,22041,4096
Pheno4D,Tomato,../data/pheno4d/Tomato07/T07_0308.txt,../data/preprocessed/Pheno4D/Tomato/T07_0308.npz,4096,T07,308.0,False,2267686,2170743,96943,17942,4096
Pheno4D,Tomato,../data/pheno4d/Tomato07/T07_0309_a.txt,../data/preprocessed/Pheno4D/Tomato/T07_0309_a.npz,4096,T07,309.0,True,3378506,3245028,133478,19157,4096
Pheno4D,Tomato,../data/pheno4d/Tomato07/T07_0310.txt,../data/preprocessed/Pheno4D/Tomato/T07_0310.npz,4096,T07,310.0,False,2743191,2647411,95780,20282,4096
Pheno4D,Tomato,../data/pheno4d/Tomato07/T07_0311_a.txt,../data/preprocessed/Pheno4D/Tomato/T07_0311_a.npz,4096,T07,311.0,True,2630179,2527609,102570,19865,4096
Pheno4D,Tomato,../data/pheno4d/Tomato07/T07_0312.txt,../data/preprocessed/Pheno4D/Tomato/T07_0312.npz,4096,T07,312.0,False,2746612,2637777,108835,19199,4096
Pheno4D,Tomato,../data/pheno4d/Tomato07/T07_0313_a.txt,../data/preprocessed/Pheno4D/Tomato/T07_0313_a.npz,4096,T07,313.0,True,2804842,2691393,113449,18745,4096
Pheno4D,Tomato,../data/pheno4d/Tomato07/T07_0314.txt,../data/preprocessed/Pheno4D/Tomato/T07_0314.npz,4096,T07,314.0,False,2620370,2518755,101615,22733,4096
Pheno4D,Tomato,../data/pheno4d/Tomato07/T07_0315_a.txt,../data/preprocessed/Pheno4D/Tomato/T07_0315_a.npz,4096,T07,315.0,True,2065210,1972552,92658,17360,4096
Pheno4D,Tomato,../data/pheno4d/Tomato07/T07_0316.txt,../data/preprocessed/Pheno4D/Tomato/T07_0316.npz,4096,T07,316.0,False,2467638,2360183,107455,16085,4096
Pheno4D,Tomato,../data/pheno4d/Tomato07/T07_0317_a.txt,../data/preprocessed/Pheno4D/Tomato/T07_0317_a.npz,4096,T07,317.0,True,2153139,2077515,75624,13580,4096
Pheno4D,Tomato,../data/pheno4d/Tomato07/T07_0318.txt,../data/preprocessed/Pheno4D/Tomato/T07_0318.npz,4096,T07,318.0,False,1403015,1351579,51436,14951,4096
Pheno4D,Tomato,../data/pheno4d/Tomato07/T07_0319_a.txt,../data/preprocessed/Pheno4D/Tomato/T07_0319_a.npz,4096,T07,319.0,True,2021437,1942079,79358,11760,4096
Pheno4D,Tomato,../data/pheno4d/Tomato07/T07_0320.txt,../data/preprocessed/Pheno4D/Tomato/T07_0320.npz,4096,T07,320.0,False,1763300,1702430,60870,18704,4096
Pheno4D,Tomato,../data/pheno4d/Tomato07/T07_0321_a.txt,../data/preprocessed/Pheno4D/Tomato/T07_0321_a.npz,4096,T07,321.0,True,1858483,1792897,65586,14579,4096
Pheno4D,Tomato,../data/pheno4d/Tomato07/T07_0322.txt,../data/preprocessed/Pheno4D/Tomato/T07_0322.npz,4096,T07,322.0,False,2193216,2118574,74642,15980,4096
Pheno4D,Tomato,../data/pheno4d/Tomato07/T07_0324_a.txt,../data/preprocessed/Pheno4D/Tomato/T07_0324_a.npz,4096,T07,324.0,True,3722560,3594149,128411,16576,4096
Pheno4D,Tomato,../data/pheno4d/Tomato07/T07_0325_a.txt,../data/preprocessed/Pheno4D/Tomato/T07_0325_a.npz,4096,T07,325.0,True,4178994,4035052,143942,18627,4096
