plant_id,species,trait,n_points_fit,n_excluded_low_confidence,logistic_K,logistic_B,logistic_rho,logistic_R2,logistic_fit_quality,logistic_y0_hat,gompertz_A,gompertz_Bg,gompertz_beta,gompertz_R2,gompertz_fit_quality,gompertz_alpha_hat,gompertz_y0hat_log
M01,Maize,height,12,0,371.67487310062796,5.997443250560589,0.4232690998379918,0.9802361142984779,ok,53.115810988656726,405.0683601319157,2.2020653949977063,0.2532573254035798,0.9754862156288565,ok,1.5205711244509847,3.8019904483145024
M01,Maize,stem_diameter,12,0,31.971743572808343,101.84059289840899,0.6725172761196724,0.7714840566755068,poor,0.31088641821028407,31.971743572808343,25.520938642550014,0.5298000633880497,0.7552996728667074,poor,1.8356790737933155,-22.056086143185965
M02,Maize,height,12,0,395.4065683797924,4.42275507365941,0.3445521657792238,0.9783009573990786,ok,72.9161769264571,446.30055406897833,1.8748164118599229,0.19774421836921496,0.9734017052306091,ok,1.206436015555101,4.226176201246586
M02,Maize,stem_diameter,12,0,20.97336416890509,9.59290875337947,0.5833463987066211,0.7034600821454414,poor,1.9799438149803685,20.97336416890512,2.960726056232971,0.39164818749503855,0.6935096502016445,poor,1.19188462326883,0.08252720351543275
M03,Maize,height,11,0,477.6397691627509,7.834436110402378,0.30588439778437254,0.9888268543821241,ok,54.065676993276256,622.4073107860571,2.5806058925980007,0.14781544987237757,0.9898949545756379,ok,0.9509846976732326,3.8529888263187533
M03,Maize,stem_diameter,11,0,248.62573066366463,74464.19507393021,0.8135789070595346,0.8218920998056133,poor,0.0033388179594080847,248.62573066366463,49.99999999999999,0.2810160041221279,0.777588126608179,poor,1.5500698558688832,-44.484051324012015
M04,Maize,height,12,0,444.90712764535186,8.628771098792097,0.41970159048789213,0.9818820943563291,ok,46.20601352764157,504.5696591330925,2.638235175611162,0.2322881086068915,0.9770743771235794,ok,1.4456928733949768,3.5854707302368576
M04,Maize,stem_diameter,12,0,195.1845666814085,171.06343050074057,0.27939754934019434,0.5567622369434795,poor,1.1343756550324529,195.1845666814085,5.3447865145274855,0.07962583547971562,0.49228822615477086,poor,0.4199423252097457,-0.07084090780635499
M05,Maize,height,12,0,308.9605532251811,8.507619386940394,0.3141629475325865,0.9691257422813142,ok,32.496100301361174,378.4988011130196,2.711696523446516,0.1642133023374131,0.9777572209516231,ok,0.9748051245742919,3.224516381957067
M05,Maize,stem_diameter,12,0,10.889359469703994,3.100105721155045,0.3475852405085074,0.5613414793382285,poor,2.6558728506728215,12.289537977154565,1.5413614358773189,0.19881008155999866,0.5632413850386981,poor,0.4987644599963545,0.9673868935972756
M06,Maize,height,12,0,463.32126236217994,9.516803747526176,0.39088914340123165,0.985159228338466,ok,44.05533025860306,539.0030015964511,2.820099557193417,0.21220501729938615,0.9870289807304616,ok,1.3347103832621892,3.4696215825246592
M06,Maize,stem_diameter,12,0,83.26117241282643,12.188023593763267,0.06950643468193783,0.3077125411478713,poor,6.3133927400767895,83.26117241281787,2.5773723309391343,0.02706974826417174,0.2919056124024818,poor,0.11970194831258162,1.844609992073952
M07,Maize,height,12,0,514.0450102743877,5.125947903329653,0.2833820899449823,0.9829854527366743,ok,83.91272965200821,630.793540206681,2.1010083842566347,0.1485143418260937,0.9842557513537469,ok,0.9574687856845533,4.345970230143607
M07,Maize,stem_diameter,12,0,36.389710157513655,8.762723385840538,0.24274693886783053,0.7809481883595965,poor,3.727413829044038,67.2715454117751,2.9723215119636706,0.09111204482435661,0.7827746336186867,poor,0.38346666563542664,1.2364158330785084
T01,Tomato,height,20,0,460.59644763728096,17.70606779438555,0.11733979350424835,0.9868091210073378,ok,24.622836434684828,828.0945149585859,3.6797485335394886,0.0415774445100122,0.9813515180354316,poor,0.2793641423205953,3.0393787628320346
T01,Tomato,stem_diameter,19,1,733.134706481329,379.8881927483447,0.21168143171145695,0.5442280752174693,poor,1.9248029223255967,733.1347071111113,9.880564059750276,0.0831213979540251,0.5213442720288479,poor,0.5483792474827418,-3.2832345996989245
T02,Tomato,height,20,0,167.27840013742676,7.483661731961465,0.1251310930104678,0.9767659496134227,ok,19.717712165163277,378.89787952546527,2.9831286831102846,0.04203294967554223,0.9760110118660407,ok,0.24956083331981643,2.9541380385023723
T02,Tomato,stem_diameter,19,1,352.9066425750578,33.405398505450975,0.0655957212132112,0.12541108072778273,poor,10.25730431574991,352.9066425742995,3.460493400713875,0.018537823469031864,0.10798295389228751,poor,0.10874664590498812,2.4057101526133806
T03,Tomato,height,20,0,695.2050168108234,15.864107294730776,0.06442611905354641,0.9633540352998122,poor,41.2239441235079,695.2050168108234,2.8690567402849427,0.025902988307256767,0.9479989742736658,poor,0.16951451196892775,3.675150049996392
T03,Tomato,stem_diameter,19,1,322.48696579568383,52.802018150647925,0.09566245094712726,0.31652067509097326,poor,5.993956674500698,322.4869657953288,4.064828077600837,0.029707641366756035,0.2953665371219508,poor,0.17159319977627643,1.7112346416797202
T04,Tomato,height,20,0,641.4275033540376,21.77682820675549,0.08241810044574772,0.975213239038007,poor,28.16140586088249,641.4275033714499,3.218363362005757,0.03240460186322426,0.9593211371089063,poor,0.209453500842133,3.2453328045513823
T04,Tomato,stem_diameter,19,1,200.31605639993725,11.525473941197284,0.016840485249460364,0.037579103189920526,poor,15.992692758801066,200.31605629972142,2.5279445649984305,0.006333685144931396,0.03699519716425648,poor,0.033567875102888736,2.771951835717322
T05,Tomato,height,20,0,867.8600089459163,25.214649957643015,0.08788004158979906,0.9699470830183541,poor,33.10591636158343,867.8600089538212,3.3703626507557063,0.03366160954369667,0.94802237336884,poor,0.22775547421422818,3.3956677708905065
T05,Tomato,stem_diameter,20,0,372.2206042032608,22.53507676457432,0.03687019740030152,0.06496785739290123,poor,15.815567883064569,372.22060468066576,3.164860861440466,0.012179353690649288,0.06365673967069918,poor,0.0720955222087973,2.7546258403989516
T06,Tomato,height,20,0,694.3344637394114,21.727131018961032,0.08153312246172648,0.9638278102167791,poor,30.55090689450132,694.3344637394039,3.2125155669789547,0.031944163334288456,0.9462304872405009,poor,0.209009184257361,3.330438213657811
T06,Tomato,stem_diameter,20,0,37.49117313782502,0.6918607127553916,0.018873181373471517,0.024706294752922298,poor,22.15972795819952,37.49117313757519,0.5274448938933208,0.015331568452580428,0.025001806328355136,poor,0.0555632218940794,3.0966606283781237
T07,Tomato,height,20,0,493.00318686034484,17.49169626646687,0.10937318322320777,0.9890656826107719,ok,26.66078761818971,807.4024560384385,3.5621229977194013,0.039839744410907804,0.9851289522253472,poor,0.2666801675849794,3.13169925260519
T07,Tomato,stem_diameter,18,2,171.19343469223264,19.176060979554215,0.08479164104902831,0.13909872325882644,poor,8.484978057199305,367.8169306964984,3.8260096072964216,0.02532154339785995,0.13672721385382458,poor,0.14958917865087704,2.081575736159363
