plant_id,species,scan_date,elapsed_days,height_rate,stem_diameter_rate
M01,Maize,313.0,0,19.26935348201171,-1.2208362065693015
M01,Maize,314.0,1,25.446434501644294,-0.9738969154514698
M01,Maize,315.0,2,31.71075385566572,0.12266662299686226
M01,Maize,316.0,3,36.772032383821774,0.4128065719434513
M01,Maize,317.0,4,39.2348487077517,0.4056466150850686
M01,Maize,318.0,5,38.30901174501963,0.33729636024987775
M01,Maize,319.0,6,34.300007720865125,9.610146616517458
M01,Maize,320.0,7,28.41285014454561,4.124170566905981
M01,Maize,321.0,8,22.063112982923577,5.469651241937216
M01,Maize,322.0,9,16.290887751828965,13.201797836719344
M01,Maize,324.0,11,8.026654061160526,-0.07716105793523553
M01,Maize,325.0,12,5.4579416097972695,2.2761944772263583
M02,Maize,313.0,0,20.490463114951893,0.6318763071772557
M02,Maize,314.0,1,24.984991964959615,0.6572305792715156
M02,Maize,315.0,2,29.168573986900725,0.4574377223873882
M02,Maize,316.0,3,32.369518690816115,0.5156336433226514
M02,Maize,317.0,4,33.95940464082505,8.874574880181125
M02,Maize,318.0,5,33.58967787409539,5.996610193974581
M02,Maize,319.0,6,31.343537817884474,-5.962244868959791
M02,Maize,320.0,7,27.698473775806725,-0.09127944855779013
M02,Maize,321.0,8,23.32625556711188,6.109683936287313
M02,Maize,322.0,9,18.861850576521473,3.257392154728891
M02,Maize,324.0,11,11.252668782752952,-3.219786331630212
M02,Maize,325.0,12,8.412554183014759,-4.281378018591241
M03,Maize,313.0,0,17.979321575046093,-2.7250257705877843
M03,Maize,314.0,1,22.10949490499306,-2.5833447652272614
M03,Maize,315.0,2,25.895429330395547,-1.3331278978967844
M03,Maize,316.0,3,29.08130839328884,0.020544924616735294
M03,Maize,317.0,4,31.49629746164569,0.4860357436750231
M03,Maize,319.0,6,33.78094140814823,0.005275607118165659
M03,Maize,320.0,7,33.72209192272991,-0.008331007988494843
M03,Maize,321.0,8,32.99440065107979,1.795877319338409
M03,Maize,322.0,9,31.7282968065153,3.355862276428501
M03,Maize,324.0,11,28.112082119315268,23.253008957529207
M03,Maize,325.0,12,26.00116250570939,32.99867835662988
M04,Maize,313.0,0,17.37869661742082,-2.974899145836397
M04,Maize,314.0,1,23.794527762854,0.09161302060382903
M04,Maize,315.0,2,31.14399280713445,0.1460577485389596
M04,Maize,316.0,3,38.43743753216195,-1.1739539474310967
M04,Maize,317.0,4,44.13149007767863,1.7598794965620432
M04,Maize,318.0,5,46.64469776118034,0.12166110546082898
M04,Maize,319.0,6,45.17652653335972,3.084992082825671
M04,Maize,320.0,7,40.202180772274595,1.0274094782395373
M04,Maize,321.0,8,33.17311810782269,-3.7911758377915383
M04,Maize,322.0,9,25.713969628590267,0.05408777471780479
M04,Maize,324.0,11,13.52218110662369,20.173976137108543
M04,Maize,325.0,12,9.386247391856136,29.470981064273786
M05,Maize,313.0,0,11.195386481703558,0.4872766137769249
M05,Maize,314.0,1,14.324123482616432,0.40874052159290364
M05,Maize,315.0,2,17.22219483127767,-0.1074130347604334
M05,Maize,316.0,3,19.642219492167573,0.2813711145509299
M05,Maize,317.0,4,21.421258298634267,2.840017783956117
M05,Maize,318.0,5,22.490384709119834,3.5466906957051187
M05,Maize,319.0,6,22.863641543396685,0.33367016038171027
M05,Maize,320.0,7,22.615760270546463,-2.3457791369677436
M05,Maize,321.0,8,21.85716147987964,-2.6333339819745936
M05,Maize,322.0,9,20.711907701938202,-0.3547007766676211
M05,Maize,324.0,11,17.733353085367934,0.8964609639741381
M05,Maize,325.0,12,16.09784750549235,-0.5521453098172522
M06,Maize,313.0,0,19.224612553789775,-6.872052487228476
M06,Maize,314.0,1,26.66075374796117,-2.54092062400975
M06,Maize,315.0,2,33.351307109509015,-0.17908192893599173
M06,Maize,316.0,3,38.38307975916194,-0.9582392145794079
M06,Maize,317.0,4,41.29308768177018,0.7569341832487946
M06,Maize,318.0,5,42.06546067977637,0.3581177141937606
M06,Maize,319.0,6,41.0028555330152,1.2220541520387327
M06,Maize,320.0,7,38.56613363979333,0.11362232856724486
M06,Maize,321.0,8,35.24232773948334,3.535867723481684
M06,Maize,322.0,9,31.461974646703812,6.012596472586443
M06,Maize,324.0,11,23.779339366467767,-0.6409007933840893
M06,Maize,325.0,12,20.264119365028098,-0.12591053486153037
M07,Maize,313.0,0,24.078369230276184,0.2810784446580792
M07,Maize,314.0,1,27.736928083147625,0.29591803099563974
M07,Maize,315.0,2,30.697974478447595,0.17564358048337825
M07,Maize,316.0,3,32.8231150982305,0.4530244297435244
M07,Maize,317.0,4,34.067180207720035,6.17797885218471
M07,Maize,318.0,5,34.46363999348332,0.024207788968281463
M07,Maize,319.0,6,34.10287103814757,-0.19293408730021966
M07,Maize,320.0,7,33.109287238813344,6.529478909012084
M07,Maize,321.0,8,31.6212693212753,-0.26811624923414534
M07,Maize,322.0,9,29.77579005405814,-1.4187794743714401
M07,Maize,324.0,11,25.495903869683158,6.812376701163611
M07,Maize,325.0,12,23.257060857889574,9.807698582789044
T01,Tomato,305.0,0,2.73478392541528,8.346708596076976
T01,Tomato,306.0,1,3.0347376520346647,-2.723475832884752
T01,Tomato,307.0,2,3.3623835692202917,-4.22864738571193
T01,Tomato,308.0,3,3.719022439366659,-6.3067937031924215
T01,Tomato,309.0,4,4.105696564034408,7.937243103784828
T01,Tomato,310.0,5,4.523096262280244,2.6832099285747297
T01,Tomato,311.0,6,4.971453449035599,-8.86261607889034
T01,Tomato,312.0,7,5.450423936789889,4.6798099276868586
T01,Tomato,313.0,8,5.95896153635057,-6.296430823322486
T01,Tomato,314.0,9,6.4951888084331735,-6.808759522561824
T01,Tomato,315.0,10,7.056271355276515,1.5256894397035348
T01,Tomato,316.0,11,7.638304707393444,2.69497880701576
T01,Tomato,317.0,12,8.23622493537322,-2.2842967750319536
T01,Tomato,318.0,13,8.84375578798805,0.48871935146937506
T01,Tomato,319.0,14,9.453406031500702,15.890251371280739
T01,Tomato,320.0,15,10.05653030070797,
T01,Tomato,321.0,16,10.643464749311276,21.59044075844031
T01,Tomato,322.0,17,11.20374479977822,-2.0004297653942267
T01,Tomato,324.0,19,12.200363283163266,66.06896958826874
T01,Tomato,325.0,20,12.614847633190934,116.14116946630898
T02,Tomato,305.0,0,2.176469401388644,-19.88325352531999
T02,Tomato,306.0,1,2.390864530655723,-11.759598313962863
T02,Tomato,307.0,2,2.6169974227464032,11.282455020766834
T02,Tomato,308.0,3,2.8533214367218576,13.347436779180843
T02,Tomato,309.0,4,3.0977313193153817,-1.8328469805476093
T02,Tomato,310.0,5,3.34752462680686,4.6272448759567
T02,Tomato,311.0,6,3.599388128700551,-3.995430429866511
T02,Tomato,312.0,7,3.849417445967186,-14.280139611070044
T02,Tomato,313.0,8,4.093177309129913,-4.504972813231628
T02,Tomato,314.0,9,4.325807666159982,3.4101710068040285
T02,Tomato,315.0,10,4.542177309769359,-1.3043592368928385
T02,Tomato,316.0,11,4.7370818505611485,-1.982537659061209
T02,Tomato,317.0,12,4.905477166824941,2.732313197414664
T02,Tomato,318.0,13,5.04273366064279,1.6539452560322658
T02,Tomato,319.0,14,5.1448917284242395,-2.240541053826944
T02,Tomato,320.0,15,5.208895860351855,15.527153322804349
T02,Tomato,321.0,16,5.232784584862609,27.87623859205398
T02,Tomato,322.0,17,5.215816504876721,
T02,Tomato,324.0,19,5.06265249214247,39.324960239524096
T02,Tomato,325.0,20,4.931099301916617,55.962331627683014
T03,Tomato,305.0,0,2.4984104827703306,-18.522686349408865
T03,Tomato,306.0,1,2.643765568355851,-9.714053681433825
T03,Tomato,307.0,2,2.7962064692387396,3.9659459773402292
T03,Tomato,308.0,3,2.9559045341035755,2.5711692558279955
T03,Tomato,309.0,4,3.1230115398419724,0.7619010195034805
T03,Tomato,310.0,5,3.2976559281898608,1.8858086797481386
T03,Tomato,311.0,6,3.479938738161194,0.26848457474576204
T03,Tomato,312.0,7,3.6699292442632165,-3.6943951344060983
T03,Tomato,313.0,8,3.867660318396814,0.6731406579811834
T03,Tomato,314.0,9,4.07312354254397,1.151595628459408
T03,Tomato,315.0,10,4.2862641098391965,-3.489112085098233
T03,Tomato,316.0,11,4.50697556338263,1.4731676501980813
T03,Tomato,317.0,12,4.7350944350904935,0.6567405811209497
T03,Tomato,318.0,13,4.970394860833654,0.3742427614369843
T03,Tomato,319.0,14,5.212583262843043,6.985492264392597
T03,Tomato,320.0,15,5.461293205522951,1.517506355831003
T03,Tomato,321.0,16,5.716080545966066,19.794017903704137
T03,Tomato,322.0,17,5.976419015053977,34.36526089305463
T03,Tomato,324.0,19,6.511211337669537,
T03,Tomato,325.0,20,6.784171341623935,-11.280313647725364
T04,Tomato,305.0,0,2.2191073473597784,-15.347691233829922
T04,Tomato,306.0,1,2.3916743901305497,-3.283386066051172
T04,Tomato,307.0,2,2.576076516328755,-2.0121725878432244
T04,Tomato,308.0,3,2.7728593563943105,-3.9644529696424
T04,Tomato,309.0,4,2.982547277031733,-1.0706658255223527
T04,Tomato,310.0,5,3.205633254791615,0.7955356698236127
T04,Tomato,311.0,6,3.442567265357555,7.463958552860215
T04,Tomato,312.0,7,3.693743122965492,2.9446231626810455
T04,Tomato,313.0,8,3.9594837359926522,1.0517820049721127
T04,Tomato,314.0,9,4.2400247870590215,0.15823137841703172
T04,Tomato,315.0,10,4.5354969003497345,-1.3657656969255232
T04,Tomato,316.0,11,4.845906426398531,-0.15930283140018098
T04,Tomato,317.0,12,5.1711150559335834,-7.598334912124075
T04,Tomato,318.0,13,5.510818569574062,-0.331793343227206
T04,Tomato,319.0,14,5.864525138249463,8.56395242018308
T04,Tomato,320.0,15,6.231533708061967,-6.543503362484252
T04,Tomato,321.0,16,6.610913129310363,8.625817122992293
T04,Tomato,322.0,17,7.001482817202174,22.759091074619793
T04,Tomato,324.0,19,7.810125551414423,
T04,Tomato,325.0,20,8.224456569753531,-7.176278642887344
T05,Tomato,305.0,0,2.7983674964989618,-14.522728124923269
T05,Tomato,306.0,1,3.034116944694517,0.09052301816657327
T05,Tomato,307.0,2,3.2877053697805856,9.190830453037757
T05,Tomato,308.0,3,3.5601161052112666,3.0481332059201485
T05,Tomato,309.0,4,3.8523182798973945,0.9909013083589961
T05,Tomato,310.0,5,4.16525105484961,-3.4094459085736517
T05,Tomato,311.0,6,4.499805023370615,-2.03307234271683
T05,Tomato,312.0,7,4.856800556494474,3.636551175939493
T05,Tomato,313.0,8,5.236962919495255,0.1788801158646951
T05,Tomato,314.0,9,5.640894051268005,-4.7355771453223685
T05,Tomato,315.0,10,6.069040990293341,-6.915580959439285
T05,Tomato,316.0,11,6.521661052610445,-1.298107188032323
T05,Tomato,317.0,12,6.998784022019081,-0.195248540424513
T05,Tomato,318.0,13,7.500171802748664,-4.1117147089074315
T05,Tomato,319.0,14,8.02527621040409,28.59996124552968
T05,Tomato,320.0,15,8.573195835867173,0.21394920710466803
T05,Tomato,321.0,16,9.1426332032917,4.812932162624776
T05,Tomato,322.0,17,9.731853747362349,34.29857674478802
T05,Tomato,324.0,19,10.960302197177757,6.913941749021745
T05,Tomato,325.0,20,11.593570398179933,26.790902954507665
T06,Tomato,305.0,0,2.381310073108845,9.83995615969691
T06,Tomato,306.0,1,2.564394206244247,0.4663903801914895
T06,Tomato,307.0,2,2.7598912118783514,-6.433619523326749
T06,Tomato,308.0,3,2.968366586039369,-1.7520141296832286
T06,Tomato,309.0,4,3.190363961429959,0.2539970741298454
T06,Tomato,310.0,5,3.426394832394598,0.5154952313576526
T06,Tomato,311.0,6,3.67692679034267,4.151806441798007
T06,Tomato,312.0,7,3.942370204200272,11.483598967873796
T06,Tomato,313.0,8,4.22306331135377,1.5898801710033759
T06,Tomato,314.0,9,4.519255725802926,-9.717357826963037
T06,Tomato,315.0,10,4.831090423178245,-3.79022429969824
T06,Tomato,316.0,11,5.1585843279731,-2.0611978155175947
T06,Tomato,317.0,12,5.501607707460463,-0.6030533129442155
T06,Tomato,318.0,13,5.859862669349314,2.8168121177810637
T06,Tomato,319.0,14,6.232861165465958,4.8067011519646154
T06,Tomato,320.0,15,6.619903019675256,4.098509905279336
T06,Tomato,321.0,16,7.020054621553652,-3.9654342420962365
T06,Tomato,322.0,17,7.432129053033961,-7.091724226086796
T06,Tomato,324.0,19,8.285930202161795,4.514333033928988
T06,Tomato,325.0,20,8.723876254524257,7.568675310742439
T07,Tomato,305.0,0,2.7582841477640105,-8.106408869074206
T07,Tomato,306.0,1,3.0389750222930454,2.847866799335529
T07,Tomato,307.0,2,3.3437151224467603,-2.6887474289379663
T07,Tomato,308.0,3,3.6735561326335113,-9.244079159714557
T07,Tomato,309.0,4,4.029357396434118,11.516612943531092
T07,Tomato,310.0,5,4.411720875527626,0.5206172628594725
T07,Tomato,311.0,6,4.8209175823749195,-11.038145990813634
T07,Tomato,312.0,7,5.256806365878237,9.62763817725997
T07,Tomato,313.0,8,5.718746722941808,0.1310336221904973
T07,Tomato,314.0,9,6.205508278175937,-10.122561695930287
T07,Tomato,315.0,10,6.715180695728073,0.6319083487879995
T07,Tomato,316.0,11,7.245089007770797,0.6545967925206431
T07,Tomato,317.0,12,7.791720571950424,25.95245673047718
T07,Tomato,318.0,13,8.350670970846206,1.3665640144279831
T07,Tomato,319.0,14,8.91661696407578,7.542332834955474
T07,Tomato,320.0,15,9.483324889449735,1.3558538815216545
T07,Tomato,321.0,16,10.04370246291625,-45.0748281024917
T07,Tomato,322.0,17,10.589900548428476,
T07,Tomato,324.0,19,11.605567339658961,5.627190910271975
T07,Tomato,325.0,20,12.05722588947615,
